#{"t_start": 1777465446.5311227, "env_id": "Reacher-v5"}
r,l,t
-48.654945,50,3.730505
-40.154008,50,3.924732
-43.369774,50,4.065441
-47.621556,50,4.250627
-31.35578,50,4.458414
-43.374353,50,4.621097
-41.288433,50,4.782212
-42.639616,50,4.902012
-43.965853,50,5.06213
-40.466298,50,5.196897
-45.935351,50,5.338241
-41.798608,50,5.528682
-46.926494,50,5.681823
-39.206213,50,5.845447
-38.879336,50,5.97478
-40.491389,50,6.080103
-39.042564,50,6.179688
-47.195964,50,6.287323
-39.479608,50,6.400306
-39.478748,50,6.500694
-9.168366,50,10.095728
-13.465133,50,13.78668
-19.519814,50,17.310615
-31.702563,50,20.832759
-53.732001,50,24.538466
-9.155289,50,28.299758
-9.762588,50,31.868745
-13.939045,50,35.436155
-8.726878,50,39.20136
-8.609272,50,43.710097
-11.82253,50,47.761003
-9.863737,50,51.649787
-7.321676,50,55.322536
-12.916438,50,59.163315
-8.598398,50,62.899529
-9.930807,50,66.568897
-8.627617,50,70.321156
-12.123029,50,73.923604
-8.027144,50,77.580259
-11.236218,50,81.13801
-7.228261,50,84.728575
-6.510883,50,88.284487
-7.064803,50,92.132742
-6.694522,50,95.84076
-7.210926,50,99.873734
-5.657753,50,103.43202
-7.231477,50,108.064591
-7.832,50,111.977685
-8.523432,50,115.999274
-14.574851,50,119.639709
-10.758332,50,123.338327
-6.584998,50,127.033977
-11.443965,50,130.741427
-14.337732,50,134.273028
-7.864829,50,137.830822
-10.467147,50,141.447378
-5.705358,50,144.985836
-7.04514,50,148.620099
-10.041513,50,152.47578
-6.3257,50,155.966987
-13.374219,50,159.659336
-8.085023,50,163.492323
-9.949822,50,167.460351
-12.415655,50,171.027005
-12.598587,50,174.569757
-14.23359,50,178.266839
-14.208348,50,181.895312
-6.470882,50,185.511668
-11.764692,50,189.364593
-12.874968,50,193.56429
-10.988897,50,197.332375
-9.048403,50,200.568239
-12.902854,50,204.043118
-8.752234,50,207.834455
-13.157858,50,211.238953
-11.501245,50,214.697818
-12.921866,50,218.207747
-9.769278,50,221.378722
-8.253056,50,224.634683
-7.847423,50,227.772859
-7.863784,50,231.200241
-10.470494,50,234.603772
-6.082217,50,237.786356
-13.298387,50,240.904176
-7.532797,50,244.11234
-9.579931,50,247.367938
-6.231998,50,250.831407
-10.921839,50,254.163187
-10.753909,50,257.388955
-6.47206,50,260.528902
-10.786293,50,263.655843
-9.17935,50,266.800995
-8.841253,50,270.032781
-9.44921,50,273.202499
-14.015943,50,276.341955
-17.38743,50,279.592216
-9.246506,50,283.027344
-9.919857,50,286.325486
-14.40686,50,289.528016
-11.214867,50,292.670491
-10.6854,50,295.875563
-7.919419,50,299.23625
-12.855547,50,302.549877
-8.377933,50,305.755515
-9.851281,50,309.018388
-7.69345,50,312.33046
-8.4251,50,315.609684
-11.866728,50,318.724526
-7.637239,50,321.913196
-7.356618,50,325.068431
-9.246625,50,328.246806
-14.111365,50,331.442621
-8.55408,50,334.68845
-12.705028,50,337.846954
-8.788638,50,341.062459
-7.017862,50,344.298198
-8.124349,50,347.564456
-6.640913,50,350.74882
-7.540006,50,353.929364
-11.351913,50,357.101933
-9.182294,50,360.352101
-8.490788,50,363.578254
-7.984269,50,366.947742
-8.036638,50,370.339699
-9.742065,50,373.698616
-12.646199,50,377.020469
-9.878539,50,380.316818
-15.29788,50,383.525752
-15.827046,50,386.80715
-13.740826,50,390.096528
-13.70133,50,393.591194
-11.995759,50,396.93888
-10.879719,50,400.421693
-8.580847,50,403.615649
-9.680271,50,406.984625
-7.278921,50,410.136317
-6.905629,50,413.376184
-12.156119,50,416.713825
-10.092644,50,419.883015
-15.398785,50,423.045455
-10.653411,50,426.30331
-11.459145,50,429.504853
-9.668145,50,432.820787
-9.472311,50,436.313379
-7.719412,50,439.664882
-11.692204,50,442.886352
-5.29529,50,446.194865
-12.759457,50,449.512737
-11.885559,50,452.785527
-8.623259,50,456.019152
-6.622922,50,459.251557
-18.507259,50,462.493617
-6.116009,50,465.953168
-11.465424,50,469.240053
-7.094023,50,472.70915
-8.632292,50,476.197099
-10.923165,50,479.54262
-11.868771,50,482.728354
-4.731796,50,485.889457
-11.846007,50,489.166772
-8.868759,50,492.665402
-11.527276,50,496.376159
-15.648005,50,499.776812
-5.798658,50,503.485033
-13.475901,50,507.074587
-7.398115,50,510.260894
-9.232854,50,513.514889
-14.221082,50,516.778604
-6.600145,50,520.106296
-8.709548,50,523.386766
-12.714885,50,526.718954
-7.552533,50,530.028055
-13.050178,50,533.560988
-8.692141,50,536.867999
-12.954155,50,540.151625
-5.611048,50,543.497526
-16.201109,50,546.909704
-6.952162,50,550.515644
-6.371443,50,553.988362
-8.303611,50,557.266808
-12.807834,50,560.535898
-10.562054,50,563.78212
-7.856683,50,567.060015
-5.102541,50,570.537369
-13.71764,50,574.090791
-6.822881,50,577.300841
-10.52095,50,580.646689
-6.642218,50,583.963308
-4.997353,50,587.393279
-6.477285,50,590.555468
-13.503197,50,593.767998
-10.506762,50,597.506308
-14.892634,50,600.788816
-5.154154,50,604.121342
-5.659173,50,607.315092
-6.538857,50,610.551168
-5.462401,50,613.800396
-6.464569,50,617.019145
-5.982401,50,620.202587
-9.007287,50,623.416889
-13.22899,50,626.639368
-7.967476,50,629.771203
-13.217973,50,632.935649
-18.554714,50,636.270341
-16.657097,50,639.86557
-4.126611,50,643.269866
-9.699443,50,646.776273
-17.338444,50,650.057907
-14.270557,50,653.343597
-14.644094,50,656.571104
-6.936452,50,659.752402
-7.352599,50,663.333042
-19.331548,50,666.654263
-6.296058,50,669.874962
-6.00968,50,673.138115
-15.809754,50,676.346149
-10.882468,50,679.616225
-13.214204,50,682.774997
-10.661203,50,685.949722
-6.288346,50,689.137119
-14.408832,50,692.424362
-5.54525,50,695.586742
-10.977482,50,698.923336
-14.294986,50,702.185456
-5.575937,50,705.804804
-10.623886,50,709.236321
-15.82674,50,712.545588
-11.573045,50,715.796256
-10.169648,50,719.042688
-14.270645,50,722.388107
-11.775785,50,725.623599
-11.098717,50,728.826504
-11.637283,50,732.068245
-8.447286,50,735.282215
-5.449289,50,738.462234
-14.357757,50,741.640852
-8.635894,50,744.878268
-11.342253,50,748.087602
-12.735199,50,751.253053
-10.28421,50,754.614989
-15.904063,50,757.897774
-10.769451,50,761.173906
-11.742517,50,764.465575
-8.047073,50,767.729292
-14.026739,50,771.132204
-9.611991,50,774.601199
-8.603523,50,778.024244
-10.02653,50,781.296218
-7.539073,50,784.551434
-11.247655,50,787.725919
-7.012844,50,791.007037
-13.536227,50,794.407487
-12.081199,50,797.951535
-7.789291,50,801.134443
-6.485232,50,804.384833
-10.382865,50,807.594695
-8.618716,50,810.897038
-6.516566,50,814.165845
-8.612596,50,817.39343
-9.078301,50,820.647106
-6.533172,50,824.006153
-6.82748,50,827.315822
-12.301664,50,830.503913
-7.629537,50,833.722769
-10.815251,50,836.984562
-11.863748,50,840.406323
-9.06582,50,843.857162
-13.429207,50,847.245275
-13.566032,50,850.671483
-10.902907,50,854.04248
-9.816362,50,857.262047
-13.876287,50,860.445676
-9.016448,50,863.660882
-10.688404,50,867.724907
-14.038774,50,871.048391
-5.56894,50,874.296643
-7.193986,50,877.583622
-12.308815,50,880.86122
-7.864861,50,884.227623
-14.243693,50,887.495693
-11.559847,50,890.743033
-8.101358,50,894.157122
-6.282854,50,897.383144
-10.384651,50,900.622539
-12.422332,50,903.899904
-7.56612,50,907.289276
-6.715821,50,910.753338
-8.996068,50,914.098317
-8.913179,50,917.39257
-12.245272,50,920.589965
-12.871086,50,923.774774
-7.783876,50,926.992874
-9.160896,50,930.234846
-13.656813,50,933.425667
-7.442558,50,936.777062
-16.238317,50,940.179088
-13.186263,50,944.005028
-10.858953,50,947.352764
-8.104885,50,950.608358
-15.132889,50,953.803496
-13.284074,50,957.150448
-7.100489,50,960.353754
-7.550196,50,963.586504
-6.276947,50,966.793788
-11.390577,50,970.087212
-13.805564,50,973.390757
-7.029352,50,976.971362
-8.237185,50,980.424005
-14.314241,50,984.112754
-10.345246,50,987.459173
-10.048317,50,990.668599
-8.68619,50,993.922206
-14.797171,50,997.234614
-8.891788,50,1000.561188
-12.236967,50,1003.776819
-9.678012,50,1007.097943
-8.617926,50,1010.459157
-9.733013,50,1013.697364
-8.820726,50,1017.032835
-7.189985,50,1020.266955
-11.00514,50,1023.617961
-7.209952,50,1027.596876
-6.290613,50,1031.401889
-11.58679,50,1034.996926
-14.110285,50,1038.319489
-10.839687,50,1041.627174
-8.586078,50,1045.144137
-7.412831,50,1048.573664
-12.357933,50,1051.925337
-10.513632,50,1055.115942
-9.976287,50,1058.393048
-8.891301,50,1061.626366
-10.771255,50,1065.038001
-12.459941,50,1068.300066
-10.461828,50,1071.543844
-13.047736,50,1075.053786
-10.364732,50,1078.629357
-10.796054,50,1081.891144
-9.945115,50,1085.138962
-10.207821,50,1088.386806
-7.641672,50,1091.699206
-7.523028,50,1095.247409
-6.38976,50,1098.691691
-9.688811,50,1102.001902
-13.358289,50,1105.317373
-8.917996,50,1108.647021
-7.733749,50,1112.199795
-6.846098,50,1115.636304
-8.328738,50,1119.052333
-5.897653,50,1122.333681
-10.666468,50,1125.724257
-8.17183,50,1128.964738
-10.19481,50,1132.242316
-8.089442,50,1135.849575
-6.24248,50,1139.078458
-6.336813,50,1142.33371
-9.860386,50,1145.627498
-12.800233,50,1148.909495
-11.222158,50,1152.386029
-15.248636,50,1155.717212
-8.150066,50,1159.044993
-6.063749,50,1162.258892
-11.799017,50,1165.480356
-13.728445,50,1168.68906
-13.076598,50,1171.977725
-7.219262,50,1175.255433
-12.427162,50,1178.774552
-6.12542,50,1182.277928
-8.376973,50,1185.754065
-11.993203,50,1188.99651
-12.302927,50,1193.026872
-17.963205,50,1196.650282
-12.964816,50,1199.908726
-7.673575,50,1203.306027
-7.776532,50,1206.582861
-13.061807,50,1209.808462
-11.616312,50,1213.107759
-10.619064,50,1216.337453
-9.115652,50,1219.560312
-7.899192,50,1222.77582
-12.557769,50,1226.063797
-8.150904,50,1229.256711
-5.950058,50,1232.506044
-8.309315,50,1235.706938
-6.219802,50,1239.054736
-12.804503,50,1242.714438
-14.063821,50,1246.196017
-11.206306,50,1249.625003
-11.315128,50,1252.953117
-13.091483,50,1256.188101
-9.480534,50,1259.37068
-9.747987,50,1262.600118
-14.444818,50,1265.883339
-9.53803,50,1269.115342
-9.150306,50,1272.321811
-10.026731,50,1275.596749
-11.73904,50,1278.924052
-6.833128,50,1282.125295
-10.030156,50,1285.333762
-8.919236,50,1288.55374
-14.378361,50,1291.847273
-9.887253,50,1295.072303
-8.858832,50,1298.412337
-11.6756,50,1301.838001
-12.143606,50,1305.435303
-10.656937,50,1308.798418
-7.99818,50,1312.129539
-9.509939,50,1315.575659
-9.52099,50,1319.070719
-13.874571,50,1322.323966
-9.851469,50,1325.573637
-12.837268,50,1328.839681
-12.830293,50,1332.166982
-8.352396,50,1335.422148
-12.323102,50,1338.593701
-9.226019,50,1341.798739
-13.363135,50,1345.076239
-13.125597,50,1348.287796
-7.739074,50,1351.490031
-12.088244,50,1354.683241
-9.578681,50,1358.326928
-13.213214,50,1361.719073
-12.29749,50,1365.241549
-13.391794,50,1368.509815
-12.859424,50,1371.904169
-9.402816,50,1375.333471
-6.346968,50,1378.566935
-8.582494,50,1381.988354
-10.792985,50,1385.479317
-11.902396,50,1388.756663
-8.283069,50,1391.999357
-7.610406,50,1395.449425
-6.523224,50,1398.977344
-7.90467,50,1402.179194
-5.849784,50,1405.377932
-7.717227,50,1408.576182
-6.803187,50,1411.830281
-8.617449,50,1415.022548
-7.968345,50,1418.224078
-12.030953,50,1421.518271
-12.204749,50,1425.139676
-6.317223,50,1428.570723
-7.982378,50,1431.824889
-9.473846,50,1435.043378
-14.155749,50,1438.427716
-10.461746,50,1441.666448
-12.094689,50,1445.031749
-11.751619,50,1448.3646
-9.510967,50,1452.131527
-14.94987,50,1455.781895
-8.418766,50,1459.067814
-10.151423,50,1462.239909
-11.727444,50,1465.511335
-12.705946,50,1468.711108
-9.057492,50,1471.868035
-6.981235,50,1475.061399
-11.725067,50,1478.310488
-9.965588,50,1481.641181
-6.199386,50,1485.130573
-8.26477,50,1488.364693
-9.676625,50,1491.6012
-12.276025,50,1494.852217
-9.858146,50,1498.988092
-9.569545,50,1502.268152
-11.647167,50,1505.722692
-9.099402,50,1508.932907
-10.675892,50,1512.154516
-8.941811,50,1515.410492
-5.87582,50,1518.966337
-14.526297,50,1522.390063
-10.244726,50,1525.616206
-8.632229,50,1528.865807
-8.212666,50,1532.145318
-12.053934,50,1535.364452
-8.06781,50,1538.593579
-12.017651,50,1541.922
-9.979437,50,1545.401571
-10.651086,50,1548.765768
-11.863107,50,1551.981501
-7.465004,50,1555.191246
-12.243113,50,1558.56973
-6.745179,50,1561.832845
-8.545225,50,1565.036212
-14.194382,50,1568.265601
-11.09064,50,1571.702546
-7.802182,50,1574.983693
-14.626608,50,1578.220138
-14.235814,50,1581.426414
-8.078177,50,1584.831275
-11.862116,50,1588.248924
-12.349067,50,1591.580056
-10.280763,50,1594.827854
-11.334749,50,1598.316291
-8.764737,50,1601.738633
-13.022962,50,1605.027845
-13.630122,50,1608.286065
-6.610879,50,1611.576995
-5.536228,50,1614.977814
-10.751175,50,1618.204525
-15.020491,50,1621.431995
-5.920621,50,1624.722656
-11.533076,50,1627.942063
-4.856819,50,1631.176947
-7.368967,50,1634.49931
-7.067509,50,1637.973327
-5.353521,50,1641.252494
-9.306224,50,1644.464882
-15.095272,50,1647.693317
-12.273615,50,1651.031878
-11.279974,50,1654.433826
-18.566305,50,1657.819354
-16.930911,50,1661.089946
-18.896264,50,1664.655126
-16.501764,50,1667.950814
-10.133679,50,1671.197377
-15.351501,50,1674.442299
-5.263872,50,1677.83031
-10.045429,50,1681.066185
-5.80963,50,1684.256765
-9.512132,50,1687.475221
-11.214435,50,1690.809303
-6.045797,50,1694.231959
-6.42963,50,1697.743493
-11.412157,50,1701.224475
-8.623866,50,1704.638382
-12.2843,50,1707.876641
-10.539045,50,1711.276377
-11.310852,50,1714.560565
-12.136604,50,1717.947037
-9.315345,50,1721.524789
-12.170489,50,1725.315049
-14.338474,50,1728.562103
-9.681054,50,1731.954165
-12.650289,50,1735.235987
-8.902262,50,1738.458761
-8.386883,50,1741.808854
-9.487928,50,1745.064713
-10.465388,50,1748.280915
-14.040889,50,1751.485694
-10.352074,50,1754.713907
-16.208028,50,1757.982414
-9.581243,50,1761.214082
-11.583313,50,1764.434592
-14.432585,50,1767.753622
-10.30987,50,1771.143774
-14.467858,50,1774.387105
-14.035171,50,1777.607309
-7.984582,50,1780.909959
-8.08737,50,1784.319535
-7.473489,50,1787.983475
-7.415761,50,1791.532607
-8.668652,50,1794.856784
-11.37451,50,1799.20842
-6.17653,50,1802.550124
-13.499398,50,1805.805403
-6.609048,50,1809.025833
-11.81513,50,1812.364619
-6.892493,50,1815.64415
-7.240345,50,1818.893479
-13.49308,50,1822.199923
-11.163166,50,1825.498124
-9.13744,50,1828.727856
-7.048606,50,1831.995182
-6.869326,50,1835.35551
-11.240502,50,1838.688774
-7.232221,50,1841.962371
-8.060293,50,1845.31362
-7.339999,50,1848.744635
-8.576111,50,1852.075704
-6.289531,50,1855.410628
-9.26915,50,1858.856185
-9.60242,50,1862.213827
-11.454017,50,1865.553787
-8.703863,50,1868.777426
-8.658861,50,1872.062111
-8.918399,50,1875.35824
-9.21895,50,1878.657679
-7.082373,50,1881.892293
-9.836158,50,1885.12577
-8.076923,50,1888.330007
-12.305183,50,1891.605172
-12.520807,50,1894.808324
-6.768103,50,1898.25314
-8.874528,50,1901.681387
-9.864545,50,1905.368585
-10.651981,50,1908.64466
-9.956013,50,1911.846554
-9.273957,50,1915.159442
-9.913441,50,1918.46209
-12.91897,50,1921.702745
-10.906551,50,1925.078202
-11.973198,50,1928.483536
-9.421311,50,1931.802066
-5.848269,50,1935.064275
-12.854705,50,1938.268298
-12.053532,50,1941.510112
-10.704473,50,1944.809206
-11.924696,50,1948.114444
-8.856992,50,1951.368021
-10.209437,50,1954.548287
-6.98301,50,1957.861409
-12.063519,50,1961.175138
-12.656659,50,1964.6649
-8.966029,50,1968.032912
-6.157001,50,1971.421199
-9.754521,50,1974.672607
-9.312696,50,1977.998042
-7.236558,50,1981.275406
-7.90826,50,1984.661783
-7.058621,50,1987.944984
-8.336992,50,1991.367839
-10.34773,50,1995.000596
-5.408307,50,1998.720949
-12.38113,50,2002.047327
-8.564699,50,2005.342216
-9.753347,50,2008.540063
-9.839456,50,2011.947045
-7.336738,50,2015.193096
-5.958331,50,2018.516689
-6.717044,50,2021.816184
-8.951731,50,2025.346592
-9.589491,50,2028.836579
-12.281797,50,2032.236304
-10.978925,50,2035.522052
-10.724777,50,2038.842522
-6.820401,50,2042.093419
-9.231871,50,2045.348326
-10.617149,50,2048.637589
-10.628145,50,2052.214693
-10.771115,50,2055.59643
-12.431252,50,2058.986566
-6.939541,50,2062.432063
-12.02108,50,2065.88495
-6.175708,50,2069.139759
-11.942339,50,2072.393656
-6.12431,50,2075.613645
-10.397868,50,2078.995057
-5.799386,50,2082.284686
-7.633921,50,2085.645966
-9.681763,50,2088.920872
-11.001188,50,2092.305519
-10.262511,50,2095.717088
-11.129289,50,2099.154802
-9.103073,50,2102.441582
-6.59487,50,2105.734552
-8.212541,50,2109.019938
-14.096643,50,2112.338482
-11.056507,50,2115.756179
-9.428643,50,2119.10274
-12.637601,50,2122.401378
-9.90984,50,2125.761672
-6.280869,50,2129.235728
-6.928869,50,2132.738842
-7.886528,50,2136.017084
-10.31638,50,2139.342825
-9.348811,50,2142.868927
-6.935442,50,2146.374604
-13.867004,50,2149.671576
-8.77608,50,2152.911131
-14.33052,50,2156.133285
-6.222716,50,2159.395917
-11.308447,50,2162.721925
-10.751385,50,2166.031581
-11.079629,50,2169.299983
-7.831952,50,2172.649662
-7.522284,50,2175.916273
-5.701359,50,2179.162472
-12.641374,50,2182.455113
-10.643033,50,2185.763776
-12.235755,50,2189.015365
-5.085836,50,2192.270298
-11.217327,50,2195.751172
-7.820265,50,2199.573437
-6.531466,50,2202.855655
-6.407696,50,2206.177019
-6.018749,50,2209.39911
-7.189362,50,2212.737007
-7.49203,50,2215.961322
-9.549452,50,2219.137775
-6.830634,50,2222.345999
-7.431455,50,2225.591311
-9.548179,50,2228.868872
-12.823198,50,2232.043267
-9.187466,50,2235.245782
-13.2691,50,2238.547448
-6.371949,50,2241.769935
-9.268073,50,2244.948293
-11.180851,50,2248.152093
-11.37984,50,2251.392105
-12.806476,50,2254.684587
-9.682749,50,2257.930486
-6.673114,50,2261.289347
-6.125836,50,2264.836864
-12.98354,50,2268.268803
-12.23976,50,2271.500362
-12.587918,50,2274.809634
-6.599555,50,2278.215408
-10.80571,50,2281.59802
-15.000607,50,2284.812808
-5.327602,50,2288.026108
-8.969417,50,2291.365836
-7.954149,50,2294.948138
-14.057152,50,2298.577124
-7.173304,50,2301.822982
-6.359615,50,2305.053467
-10.60799,50,2308.257893
-7.704372,50,2311.466544
-10.867922,50,2314.712761
-7.753486,50,2318.088475
-12.11574,50,2321.832356
-7.245448,50,2325.174453
-7.989375,50,2328.463369
-9.243768,50,2331.980544
-14.089019,50,2335.365517
-9.958805,50,2338.594921
-12.321528,50,2341.759536
-10.209038,50,2345.026037
-11.234248,50,2348.208685
-12.683407,50,2351.679249
-9.951652,50,2354.99734
-8.787509,50,2358.342022
-7.539996,50,2361.673565
-10.972578,50,2364.890277
-12.583823,50,2368.085282
-13.878694,50,2371.446468
-7.614942,50,2374.645089
-11.16579,50,2377.847004
-8.846999,50,2381.148637
-8.944424,50,2384.536305
-11.309172,50,2387.780967
-9.726526,50,2391.029744
-8.232835,50,2394.430918
-7.186444,50,2398.247939
-10.293511,50,2401.669625
-13.395304,50,2405.066685
-7.373922,50,2408.252193
-11.179646,50,2411.570949
-14.446047,50,2414.821429
-6.279471,50,2418.04236
-10.640418,50,2421.258662
-14.961363,50,2424.580478
-13.844056,50,2427.90139
-11.535675,50,2431.111429
-8.091566,50,2434.304947
-9.039848,50,2437.586935
-6.849947,50,2440.838473
-12.544252,50,2444.236573
-12.230407,50,2447.495549
-9.856669,50,2450.780585
-12.085058,50,2454.038566
-13.668624,50,2457.251833
-5.794745,50,2460.461018
-11.141909,50,2463.780766
-9.112864,50,2467.156565
-14.370126,50,2470.545394
-7.296322,50,2473.758442
-6.548911,50,2477.024935
-5.178525,50,2480.35311
-7.694294,50,2483.645237
-13.458809,50,2486.846584
-7.394252,50,2490.194658
-6.018204,50,2493.514918
-13.633601,50,2496.689102
-5.993462,50,2499.901879
-8.386414,50,2503.381241
-12.646939,50,2506.607823
-12.91949,50,2511.393844
-12.916098,50,2514.765964
-13.416659,50,2518.047204
-5.568833,50,2521.368003
-7.577649,50,2524.761074
-6.291757,50,2527.961359
-12.851603,50,2531.107505
-8.840865,50,2534.433626
-6.997747,50,2537.728017
-8.125144,50,2540.936394
-11.18374,50,2544.08396
-5.94444,50,2547.224083
-11.2656,50,2551.915681
-6.639408,50,2555.290801
-6.05803,50,2558.823102
-9.385872,50,2562.18637
-7.455455,50,2565.635724
-5.443001,50,2568.883872
-13.679645,50,2572.203249
-15.477539,50,2575.659716
-11.669497,50,2579.038218
-4.827095,50,2582.335194
-20.039958,50,2585.621744
-15.143963,50,2588.875859
-10.64389,50,2592.131782
-8.803792,50,2595.594399
-8.654775,50,2599.076779
-11.189359,50,2602.485613
-9.699283,50,2605.909636
-6.998795,50,2609.183681
-13.601549,50,2612.500196
-13.665685,50,2615.705671
-12.990606,50,2618.926747
-8.167761,50,2622.298331
-9.088899,50,2625.836357
-10.458184,50,2629.075148
-10.556121,50,2632.317153
-6.897291,50,2635.534041
-11.238365,50,2638.792009
-11.009756,50,2642.008871
-10.914902,50,2645.194831
-10.945109,50,2648.407625
-8.061343,50,2651.876285
-13.14679,50,2655.243373
-7.865524,50,2658.433987
-6.980101,50,2661.649539
-10.224574,50,2664.989244
-6.611139,50,2668.275078
-6.382075,50,2671.717577
-7.474623,50,2675.10992
-7.319074,50,2679.095696
-9.309011,50,2683.304564
-9.79357,50,2687.551895
-8.726764,50,2691.531811
-6.283081,50,2694.96944
-7.327037,50,2698.379558
-11.448254,50,2701.714268
-8.078999,50,2705.793934
-8.371454,50,2710.621887
-9.008501,50,2714.43277
-5.937765,50,2718.241202
-8.654661,50,2721.571581
-6.476368,50,2724.937375
-8.030068,50,2728.236288
-5.99286,50,2731.534104
-7.044505,50,2734.867144
-10.624282,50,2738.360483
-5.991895,50,2741.875642
-9.762906,50,2745.413155
-13.33149,50,2748.712893
-9.310212,50,2752.02933
-13.250305,50,2755.346319
-9.55321,50,2758.72942
-10.521937,50,2762.036783
-14.490334,50,2765.344785
-11.843065,50,2768.631071
-8.378294,50,2771.950875
-12.068725,50,2775.267354
-13.433029,50,2778.633996
-8.893217,50,2781.933495
-5.895805,50,2785.21698
-8.061901,50,2788.506457
-11.130387,50,2791.789052
-12.949369,50,2795.072097
-5.150577,50,2798.462957
-6.588911,50,2801.796297
-10.648857,50,2805.266746
-10.628247,50,2808.72632
-7.167588,50,2812.155849
-5.792746,50,2815.481804
-7.365119,50,2818.810859
-7.598074,50,2822.146224
-9.644656,50,2825.529322
-10.219634,50,2828.808969
-13.866769,50,2832.181718
-6.855598,50,2836.817517
-8.27799,50,2840.995131
-8.953126,50,2845.409951
-6.120169,50,2849.404891
-5.671689,50,2853.557023
-12.579824,50,2857.860873
-12.852149,50,2862.086451
-12.059825,50,2866.274653
-15.188308,50,2870.236726
-7.588634,50,2874.623482
-10.02391,50,2879.028697
-8.474206,50,2883.005254
-14.613263,50,2887.066544
-8.851589,50,2892.480907
-10.680397,50,2898.214795
-14.04352,50,2903.350245
-14.235795,50,2907.79985
-10.144192,50,2912.721395
-8.86514,50,2916.775303
-8.505415,50,2921.768055
-12.0007,50,2926.912052
-13.798523,50,2932.38985
-13.145893,50,2936.732081
-7.146341,50,2940.837201
-7.772795,50,2944.933033
-7.24336,50,2949.321992
-6.803333,50,2953.210993
-13.553058,50,2957.180853
-7.624855,50,2960.962016
-12.465957,50,2964.669308
-12.684354,50,2968.337226
-9.321668,50,2971.935915
-8.059907,50,2975.475803
-7.952444,50,2979.144468
-13.048736,50,2982.84983
-7.392608,50,2986.920535
-8.382139,50,2990.838336
-9.938954,50,2994.482995
-10.397387,50,2998.630235
-6.263495,50,3002.303454
-6.120873,50,3006.201983
-11.953782,50,3009.929231
-13.416714,50,3013.839207
-9.109441,50,3017.684705
-8.545018,50,3021.499858
-10.306106,50,3025.305169
-10.95672,50,3029.013427
-10.996715,50,3032.662237
-7.843849,50,3036.331448
-10.083887,50,3040.071563
-11.198229,50,3043.955998
-10.531876,50,3048.898758
-5.278924,50,3052.880703
-12.009938,50,3056.720523
-5.783062,50,3060.365768
-7.10721,50,3064.271567
-14.562343,50,3068.990397
-7.338334,50,3073.853886
-8.007388,50,3078.484665
-6.593594,50,3083.21427
-6.533772,50,3088.829994
-7.173065,50,3093.30066
-13.946641,50,3097.99464
-7.438165,50,3102.516815
-10.448017,50,3107.057153
-13.542662,50,3111.561693
-7.810046,50,3116.158573
-14.552892,50,3120.650905
-12.739844,50,3124.845444
-8.825382,50,3129.065151
-10.377777,50,3133.652534
-13.402791,50,3138.246309
-9.033894,50,3142.605316
-13.24738,50,3146.803566
-6.193391,50,3151.309352
-11.701439,50,3156.164906
-12.357139,50,3161.047773
-6.859265,50,3165.280139
-8.494884,50,3169.304532
-7.130386,50,3173.670534
-8.226308,50,3177.74984
-13.144882,50,3181.933414
-7.517008,50,3185.765451
-12.455376,50,3189.409179
-9.769609,50,3193.236671
-10.951455,50,3196.837233
-7.039731,50,3200.594786
-11.229662,50,3204.051026
-8.488486,50,3207.715594
-6.033272,50,3211.165545
-11.352477,50,3214.591465
-13.294994,50,3218.1431
-9.618357,50,3221.628255
-8.399114,50,3225.326429
-8.906594,50,3228.860522
-13.32778,50,3232.608126
-7.875715,50,3235.915204
-6.434105,50,3239.152077
-8.257012,50,3242.462992
-7.887484,50,3245.731775
-7.29179,50,3249.015838
-10.58921,50,3252.284414
-12.2174,50,3255.583077
-6.98584,50,3258.863804
-10.942646,50,3262.148518
-12.362471,50,3265.425866
-10.514456,50,3268.912992
-10.688523,50,3272.794695
-9.743145,50,3276.422556
-7.510486,50,3280.03464
-11.85495,50,3283.332719
-9.082242,50,3286.680346
-12.873592,50,3290.254719
-10.113358,50,3293.74184
-13.716282,50,3297.110916
-7.40174,50,3300.693526
-9.54315,50,3305.011605
-11.883461,50,3309.228505
-13.590413,50,3313.355606
-6.645246,50,3317.257082
-8.440138,50,3320.935877
-13.82824,50,3324.487054
-9.403558,50,3327.924051
-8.358197,50,3331.232288
-13.343578,50,3334.536378
-9.652849,50,3338.06818
-9.709728,50,3341.518688
-8.946916,50,3345.209719
-8.348318,50,3348.727818
-9.394107,50,3352.022786
-7.982251,50,3355.506345
-9.176342,50,3359.222657
-11.748303,50,3362.740872
-6.681343,50,3366.463878
-9.289378,50,3370.35617
-5.838517,50,3374.107201
-11.726952,50,3377.931048
-7.14137,50,3381.058412
-11.587125,50,3384.227393
-12.525702,50,3387.478645
-9.872049,50,3390.649169
-11.237496,50,3393.704096
-11.620852,50,3396.733864
-8.593856,50,3399.960857
-11.39284,50,3403.029219
-11.959883,50,3406.38928
-6.803239,50,3409.652605
-6.271035,50,3412.909709
-5.96847,50,3415.994361
-14.017839,50,3419.094137
-7.276064,50,3422.262066
-7.897928,50,3425.499476
-10.915115,50,3428.763705
-10.158079,50,3432.078533
-6.621715,50,3435.254858
-8.68781,50,3438.431486
-9.344732,50,3441.51622
-11.130899,50,3444.791312
-10.569266,50,3447.923218
-13.338068,50,3450.989405
-7.924065,50,3454.063391
-9.845811,50,3457.129271
-7.772233,50,3460.385385
-8.657931,50,3463.445623
-5.407866,50,3466.934211
-9.02279,50,3470.24753
-8.981105,50,3473.321278
-10.618805,50,3476.500882
-5.842525,50,3479.665024
-3.956283,50,3482.85422
-4.358082,50,3485.952979
-6.586558,50,3489.061586
-17.72053,50,3492.184892
-16.196645,50,3495.41036
-7.300338,50,3498.670913
-13.740409,50,3501.85413
-11.218284,50,3504.904849
-15.225335,50,3507.959164
-15.309855,50,3511.021476
-12.609651,50,3514.074466
-18.996306,50,3517.139071
-16.749247,50,3520.341806
-12.432997,50,3523.412703
-7.54433,50,3526.890192
-14.594636,50,3529.986168
-6.941474,50,3533.074214
-12.369239,50,3536.165145
-13.000996,50,3539.326086
-13.720459,50,3542.47879
-12.628846,50,3545.533456
-7.167015,50,3548.671509
-7.441244,50,3551.986113
-13.09853,50,3555.133724
-11.860497,50,3558.271074
-7.172728,50,3561.496747
-10.041092,50,3564.725993
-6.841392,50,3567.923107
-6.188506,50,3570.982535
-10.822386,50,3574.03115
-8.821274,50,3577.137355
-12.633844,50,3580.283474
-7.6357,50,3583.509763
-7.706515,50,3587.212321
-11.459397,50,3590.413457
-14.131926,50,3593.471518
-6.099154,50,3596.601509
-9.622094,50,3600.148618
-6.366028,50,3603.365342
-13.13081,50,3606.479177
-12.365553,50,3609.91226
-7.46885,50,3613.050121
-7.148107,50,3616.189232
-7.90624,50,3619.324765
-10.670025,50,3622.547071
-10.548476,50,3625.634993
-8.396601,50,3628.803463
-6.689214,50,3632.180666
-7.23892,50,3635.544549
-9.51131,50,3638.656658
-10.106368,50,3641.81184
-8.64646,50,3645.061121
-8.286131,50,3648.542095
-11.230642,50,3651.894053
-8.736303,50,3655.37058
-10.696832,50,3658.821246
-7.302662,50,3662.103805
-7.994399,50,3665.511636
-6.948856,50,3669.02994
-11.666157,50,3672.760024
-10.699782,50,3676.278803
-8.606341,50,3680.225317
-8.198286,50,3683.34025
-14.081917,50,3686.515521
-11.104568,50,3689.556247
-12.258034,50,3692.570167
-8.199831,50,3695.639708
-14.625402,50,3699.105262
-12.171151,50,3702.607794
-14.316833,50,3705.849602
-9.647363,50,3708.892953
-6.291368,50,3712.016142
-9.138941,50,3715.137449
-9.10612,50,3718.153488
-9.725088,50,3721.166962
-8.144915,50,3724.154302
-15.078757,50,3727.117385
-8.495375,50,3730.052667
-8.278418,50,3733.074224
-14.52723,50,3735.99846
-10.762243,50,3738.88426
-13.211447,50,3741.821275
-10.680854,50,3745.105035
-8.150706,50,3748.408854
-9.484378,50,3751.426996
-8.663634,50,3754.397319
-12.879963,50,3757.468477
-7.926167,50,3760.484365
-8.746847,50,3763.45422
-7.901966,50,3766.697538
-8.868834,50,3770.050503
-12.424174,50,3773.036788
-13.034966,50,3775.98642
-6.863061,50,3778.888617
-13.979166,50,3781.973351
-9.553086,50,3784.972098
-6.651267,50,3788.037846
-7.667976,50,3791.186135
-7.121874,50,3794.43907
-6.646152,50,3797.42473
-7.084524,50,3800.55653
-9.669213,50,3803.721176
-8.638113,50,3806.788966
-6.850089,50,3810.26759
-8.238418,50,3813.860608
-7.172741,50,3817.481608
-12.468568,50,3821.324514
-8.180065,50,3825.994607
-7.126744,50,3829.367149
-11.764872,50,3833.234901
-10.098348,50,3836.998226
-7.672575,50,3840.742954
-6.712895,50,3844.625448
-8.775336,50,3848.15541
-6.167886,50,3851.983695
-7.419187,50,3855.741533
-9.03362,50,3859.473396
-8.961687,50,3862.738891
-13.190758,50,3865.825702
-12.931387,50,3868.930734
-9.702014,50,3872.107906
-8.572027,50,3875.260492
-7.961359,50,3878.543015
-7.409676,50,3881.744229
-6.117209,50,3885.256502
-6.023016,50,3888.48477
-7.250059,50,3891.880663
-10.107638,50,3895.429583
-8.958235,50,3898.725622
-7.537607,50,3902.001853
-8.172447,50,3905.635783
-13.696492,50,3909.304757
-10.79332,50,3912.442742
-7.301532,50,3915.672935
-8.043377,50,3918.915263
-9.49399,50,3922.336492
-9.424009,50,3925.899593
-9.914652,50,3929.128057
-10.453442,50,3932.704598
-7.012348,50,3936.266397
-8.849738,50,3939.639317
-10.411262,50,3943.263357
-14.150344,50,3946.736077
-5.881634,50,3950.076503
-7.709444,50,3953.259757
-8.47475,50,3956.397554
-9.657616,50,3959.526925
-13.48834,50,3962.677946
-10.110727,50,3965.793451
-14.049852,50,3968.961992
-6.496433,50,3972.227394
-6.538391,50,3975.521534
-11.558018,50,3978.646734
-10.087952,50,3981.808145
-5.986225,50,3984.926301
-9.114127,50,3988.039779
-7.169323,50,3991.131968
-7.713346,50,3994.241177
-4.895791,50,3997.384995
-7.904331,50,4000.638182
-12.574349,50,4003.749329
-12.872878,50,4007.299143
-8.898972,50,4010.472972
-9.968685,50,4013.66146
-8.164158,50,4017.013882
-9.294974,50,4020.337373
-13.275566,50,4023.687387
-9.703447,50,4026.821272
-12.998189,50,4029.974807
-5.979638,50,4033.294382
-7.716852,50,4036.874662
-8.516729,50,4040.358769
-9.955425,50,4043.927136
-9.837589,50,4047.278811
-6.603251,50,4050.78577
-8.089549,50,4054.209327
-14.85011,50,4057.799014
-7.619163,50,4061.374135
-6.990411,50,4065.151399
-5.990142,50,4068.767796
-12.498432,50,4072.349296
-13.58923,50,4075.785712
-6.860675,50,4078.932467
-13.706263,50,4082.330171
-11.629154,50,4085.827745
-11.287695,50,4088.951585
-7.701951,50,4092.147979
-14.9054,50,4095.275178
-7.127335,50,4098.361027
-11.753099,50,4101.506796
-9.305059,50,4104.696364
-7.161106,50,4108.000242
-9.54487,50,4111.591174
-5.503114,50,4114.784515
-10.524808,50,4117.971836
-12.156495,50,4121.228151
-8.7391,50,4124.470517
-9.286224,50,4127.664204
-14.636515,50,4131.363801
-9.747582,50,4134.80939
-11.842872,50,4138.015845
-13.904306,50,4141.247656
-9.891536,50,4144.479039
-12.020609,50,4147.509713
-8.931921,50,4150.579743
-12.448131,50,4153.603176
-11.509112,50,4156.633274
-11.769505,50,4159.617295
-11.796424,50,4162.888838
-9.390692,50,4165.935209
-8.131611,50,4169.030049
-11.525159,50,4172.13133
-14.383853,50,4175.515861
-6.803408,50,4179.315391
-10.186948,50,4182.776434
-12.218461,50,4187.531535
-10.462561,50,4191.596521
-6.543241,50,4198.680668
-9.02046,50,4203.735214
-11.736343,50,4207.335466
-6.340103,50,4210.636202
-10.177136,50,4213.881073
-9.191594,50,4217.026621
-10.991129,50,4220.095712
-8.430252,50,4223.286372
-11.075137,50,4226.841461
-7.682603,50,4230.526574
-5.760815,50,4233.77006
-5.476978,50,4237.006286
-7.255958,50,4240.311836
-8.360699,50,4243.827335
-14.048425,50,4247.3666
-6.802025,50,4250.452772
-6.902385,50,4253.425125
-12.116081,50,4256.535521
-14.205375,50,4259.524652
-7.751539,50,4262.527336
-10.069552,50,4265.516582
-9.824681,50,4268.580801
-9.327285,50,4271.568639
-8.645936,50,4274.607936
-9.637302,50,4277.597899
-9.711282,50,4280.624394
-9.564147,50,4283.771672
-11.442074,50,4286.798244
-10.288085,50,4289.975575
-11.011825,50,4294.107745
-12.550541,50,4297.557229
-13.757655,50,4300.833622
-12.434653,50,4303.901252
-14.789665,50,4307.24048
-10.055614,50,4310.456672
-11.703126,50,4313.826936
-13.619801,50,4317.134373
-12.676959,50,4320.293075
-9.556942,50,4323.431511
-11.616879,50,4326.933526
-10.908448,50,4331.112779
-6.475376,50,4335.090833
-9.919535,50,4338.933821
-8.727056,50,4342.794323
-8.43863,50,4346.876083
-7.81746,50,4352.023358
-6.96635,50,4355.950414
-9.203405,50,4359.602208
-11.235383,50,4362.993785
-6.882529,50,4366.750155
-9.461538,50,4370.318648
-11.13442,50,4373.697199
-8.394178,50,4377.284428
-10.446786,50,4380.880091
-11.459444,50,4384.328941
-10.690039,50,4387.878299
-9.772234,50,4391.285618
-12.396035,50,4394.87023
-12.237618,50,4398.349653
-9.878077,50,4401.764523
-10.42606,50,4405.182798
-8.34031,50,4408.615837
-8.60431,50,4412.188396
-10.898866,50,4415.903997
-9.635461,50,4419.570272
-7.906226,50,4423.145305
-12.7808,50,4426.66501
-9.750162,50,4430.101399
-9.07495,50,4433.459728
-12.864496,50,4437.02201
-11.413504,50,4440.381443
-9.721256,50,4443.793833
-9.505133,50,4447.340692
-7.130197,50,4450.967182
-7.353723,50,4454.344967
-6.815843,50,4457.723329
-8.766544,50,4461.097488
-11.995822,50,4464.550356
-8.404321,50,4468.027312
-6.977848,50,4471.585239
-7.741403,50,4475.209095
-7.169131,50,4479.72165
-6.792555,50,4484.740517
-6.942562,50,4489.54654
-5.74201,50,4493.926278
-13.232326,50,4498.250187
-8.738665,50,4502.637437
-7.656135,50,4506.91922
-13.175272,50,4511.236771
-10.062163,50,4516.009429
-7.120134,50,4520.590151
-12.978286,50,4525.046265
-9.136875,50,4528.951962
-14.827907,50,4532.691436
-9.565627,50,4536.242103
-7.540733,50,4539.751442
-12.902503,50,4543.359488
-10.270507,50,4546.843742
-13.229701,50,4550.15635
-11.244091,50,4553.462405
-6.447125,50,4556.759855
-6.101829,50,4560.109165
-8.721373,50,4563.299109
-13.237523,50,4566.548525
-6.675212,50,4569.784017
-9.452022,50,4573.232441
-7.262219,50,4576.584023
-13.70338,50,4579.995679
-12.356683,50,4583.971091
-7.095481,50,4588.655473
-12.447445,50,4592.79385
-12.13981,50,4596.76085
-12.814333,50,4600.967623
-4.961671,50,4605.302813
-10.543499,50,4609.389161
-15.311362,50,4613.457137
-10.919694,50,4617.687485
-11.401412,50,4621.709469
-8.467643,50,4625.729923
-12.370818,50,4629.767076
-11.125801,50,4633.791212
-13.537632,50,4637.799509
-12.30953,50,4641.750972
-7.997674,50,4645.775626
-6.886154,50,4649.747988
-11.44865,50,4653.849945
-10.588974,50,4658.020451
-12.128547,50,4662.379113
-11.8437,50,4666.845536
-10.332302,50,4671.147958
-6.894841,50,4675.17696
-6.475703,50,4679.266036
-6.175188,50,4683.313912
-13.910629,50,4687.738318
-8.89026,50,4692.123843
-10.574047,50,4696.374568
-13.332736,50,4700.351909
-6.053555,50,4704.360264
-9.627619,50,4708.355826
-10.084623,50,4712.300912
-10.739261,50,4716.273862
-10.346801,50,4720.457678
-13.805225,50,4725.357346
-13.876266,50,4730.036286
-8.706879,50,4734.209694
-10.672583,50,4738.359183
-15.36084,50,4742.313696
-15.028765,50,4746.321781
-8.359089,50,4750.468253
-12.455804,50,4754.590528
-9.731598,50,4758.623986
-12.07534,50,4762.65351
-11.568039,50,4766.655953
-10.988183,50,4770.682438
-11.111487,50,4774.620679
-9.969228,50,4778.623132
-8.771637,50,4782.694492
-12.28387,50,4787.195292
-13.505658,50,4791.490493
-8.782483,50,4795.815445
-10.610244,50,4800.602568
-8.319617,50,4804.853016
-8.799858,50,4808.838078
-11.055187,50,4812.889659
-12.730927,50,4817.006134
-10.02863,50,4821.066195
-8.587128,50,4825.138469
-10.70441,50,4829.177555
-10.340187,50,4833.22161
-8.723923,50,4837.238427
-10.694308,50,4841.296783
-9.084338,50,4845.568357
-10.602813,50,4849.914103
-9.812458,50,4853.954021
-8.792744,50,4858.094718
-11.584384,50,4861.965725
-7.651549,50,4865.697473
-13.524319,50,4869.355023
-13.413853,50,4872.776886
-8.488598,50,4876.225801
-12.606131,50,4879.705943
-10.396424,50,4883.174755
-6.78989,50,4886.543159
-7.730737,50,4889.929895
-12.562195,50,4893.30702
-8.797603,50,4896.491984
-9.169976,50,4899.795132
-13.169235,50,4903.135581
-10.651654,50,4906.909058
-8.462985,50,4910.248693
-9.997043,50,4913.558386
-13.084747,50,4916.789452
-8.716212,50,4920.12877
-10.721283,50,4923.354794
-5.936481,50,4926.588184
-12.775197,50,4930.080952
-11.539322,50,4933.569293
-5.480628,50,4937.144156
-13.278319,50,4940.371416
-10.597206,50,4943.545524
-7.706499,50,4946.758103
-9.39603,50,4950.056471
-12.144188,50,4953.223296
-7.500132,50,4956.759511
-10.062398,50,4960.047391
-8.840406,50,4963.263162
-6.627556,50,4966.92558
-7.665797,50,4970.394628
-10.68879,50,4973.576567
-5.64698,50,4976.769917
-8.190661,50,4980.518648
-9.076744,50,4983.802537
-13.075845,50,4987.008694
-9.389428,50,4990.333495
-7.431512,50,4993.654821
-14.098376,50,4997.049237
-8.224683,50,5001.158359
-7.42228,50,5006.789197
-10.132343,50,5010.633267
-9.046423,50,5014.363987
-6.439774,50,5018.936644
-10.764833,50,5023.054317
-7.442606,50,5027.229875
-7.452637,50,5030.963119
-10.536971,50,5034.600147
-13.735082,50,5038.222721
-13.769118,50,5041.412714
-8.3734,50,5044.638103
-8.873364,50,5047.883455
-7.958544,50,5051.181298
-10.682032,50,5054.510099
-8.68572,50,5057.901479
-12.287463,50,5061.215396
-8.84826,50,5064.652636
-10.419473,50,5068.002663
-11.803458,50,5071.519174
-10.387176,50,5074.873034
-8.689942,50,5078.133356
-5.996203,50,5081.359717
-14.275448,50,5084.76339
-8.439214,50,5088.153086
-11.123475,50,5091.620919
-7.701673,50,5094.896008
-7.309278,50,5098.080232
-9.5763,50,5101.278159
-6.28214,50,5104.451428
-10.798706,50,5107.595874
-11.282785,50,5110.760448
-5.731399,50,5113.935376
-5.934829,50,5117.138252
-6.659343,50,5120.309738
-8.017073,50,5123.479412
-5.049281,50,5126.72906
-5.381589,50,5129.984009
-5.069314,50,5133.502331
-9.722645,50,5136.943129
-14.102241,50,5140.846587
-5.265293,50,5144.451797
-13.47075,50,5147.92541
-15.29966,50,5151.420501
-6.226124,50,5155.067765
-6.502353,50,5158.449534
-7.177326,50,5161.936641
-13.515671,50,5165.195809
-12.460298,50,5168.422613
-10.927007,50,5171.90416
-8.568325,50,5175.430743
-7.239616,50,5178.642672
-8.307022,50,5181.917154
-5.712261,50,5185.597093
-10.770196,50,5189.323426
-5.505473,50,5193.007175
-10.295901,50,5196.670128
-8.280936,50,5200.4768
-12.981189,50,5204.459418
-10.826783,50,5208.664737
-6.842866,50,5212.690545
-13.778215,50,5216.533622
-11.467259,50,5220.336517
-11.632239,50,5224.092236
-14.914283,50,5227.885213
-10.429481,50,5231.666698
-5.668614,50,5235.498664
-9.729503,50,5239.216804
-5.975084,50,5242.930553
-14.406256,50,5246.722945
-8.665478,50,5250.676991
-10.76521,50,5254.782727
-9.779996,50,5258.586394
-9.726237,50,5262.485022
-6.671711,50,5267.375178
-6.703854,50,5271.132569
-9.04019,50,5275.037122
-12.534318,50,5278.672946
-10.096663,50,5282.047856
-6.379053,50,5285.428555
-7.675297,50,5289.093237
-11.326728,50,5292.598752
-9.289825,50,5296.290051
-6.929235,50,5299.899216
-8.478939,50,5303.357746
-9.321062,50,5307.002785
-9.539535,50,5311.09683
-10.854426,50,5314.589726
-8.110015,50,5318.046066
-5.932045,50,5321.56519
-7.983906,50,5325.234664
-9.701654,50,5328.885157
-10.669063,50,5332.48208
-8.806587,50,5336.104637
-10.631472,50,5339.661576
-9.209499,50,5343.327537
-12.121471,50,5347.345782
-10.806573,50,5351.279508
-12.599266,50,5355.045043
-10.322543,50,5358.892926
-11.979332,50,5362.440998
-8.629037,50,5366.077612
-10.830215,50,5371.701661
-7.646886,50,5376.059272
-10.797614,50,5380.659517
-14.110323,50,5385.664715
-7.386893,50,5389.620345
-8.599043,50,5393.308255
-8.093669,50,5397.76976
-11.563011,50,5402.123542
-12.365743,50,5406.353518
-5.814446,50,5410.177171
-10.184696,50,5414.251946
-6.100818,50,5418.446618
-11.172201,50,5422.183509
-10.861925,50,5426.502352
-8.409186,50,5430.153683
-6.854321,50,5433.746777
-10.332366,50,5437.267954
-8.38848,50,5440.881728
-12.121418,50,5444.768989
-7.308471,50,5448.645262
-5.919488,50,5452.241151
-7.993096,50,5455.816191
-8.311405,50,5459.481807
-7.459343,50,5463.215631
-10.040597,50,5466.823508
-11.271931,50,5471.426097
-10.078273,50,5476.167088
-9.452829,50,5479.920483
-7.770843,50,5483.95624
-14.293174,50,5488.114743
-6.344962,50,5491.759604
-6.109823,50,5495.61612
-7.829831,50,5499.801253
-10.045932,50,5503.59461
-9.650132,50,5507.835157
-7.258472,50,5512.688792
-9.415803,50,5517.501353
-8.34998,50,5521.425812
-6.87093,50,5525.238343
-8.76032,50,5528.885278
-7.585406,50,5532.477962
-11.540945,50,5536.052724
-13.680666,50,5539.544519
-12.18204,50,5543.08716
-11.368927,50,5546.549165
-6.288317,50,5550.191304
-5.615131,50,5554.252182
-11.148028,50,5557.883584
-9.966931,50,5561.481129
-9.795132,50,5565.304286
-13.847968,50,5569.209744
-5.487589,50,5572.78862
-15.248383,50,5576.247383
-8.100234,50,5579.825511
-8.223677,50,5583.335756
-7.521584,50,5586.827661
-11.328999,50,5590.530115
-9.157459,50,5594.202611
-6.183743,50,5597.767282
-7.199845,50,5601.296736
-14.041852,50,5604.817173
-13.675315,50,5608.279823
-11.337033,50,5611.93135
-7.459108,50,5615.401192
-10.664774,50,5619.191142
-4.956117,50,5623.024787
-7.187862,50,5626.877819
-14.810101,50,5630.483164
-11.436722,50,5633.980823
-9.768072,50,5637.564312
-5.484183,50,5641.069569
-5.505685,50,5644.673377
-8.811066,50,5648.356362
-10.729845,50,5652.300006
-10.151133,50,5656.180797
-8.268474,50,5659.887916
-8.42848,50,5663.960013
-8.983633,50,5669.490842
-7.693481,50,5674.178989
-8.504179,50,5678.44089
-9.420639,50,5682.467833
-8.545093,50,5686.450607
-7.155108,50,5690.005334
-8.546194,50,5693.546721
-11.65003,50,5697.049618
-8.092911,50,5700.28763
-6.628533,50,5703.551903
-5.782128,50,5706.751516
-10.802771,50,5709.954482
-11.138574,50,5713.172277
-8.428547,50,5716.361137
-10.43241,50,5719.551003
-6.887736,50,5722.738639
-6.060538,50,5725.985035
-13.439269,50,5729.246354
-10.54042,50,5732.656365
-7.334589,50,5735.878293
-8.137942,50,5739.077487
-11.942218,50,5742.483232
-6.166364,50,5745.960168
-8.685975,50,5749.339326
-11.481404,50,5752.662353
-10.378944,50,5756.061516
-12.740235,50,5759.442841
-9.182847,50,5762.811319
-6.946146,50,5766.000689
-7.39571,50,5769.31359
-5.91226,50,5772.67656
-8.968844,50,5775.926811
-7.122467,50,5779.179905
-10.623584,50,5782.416206
-7.309532,50,5785.627966
-10.945436,50,5788.850076
-5.649742,50,5792.035368
-5.938304,50,5795.218513
-13.377979,50,5798.586686
-13.250556,50,5801.818254
-9.625495,50,5805.268178
-6.23731,50,5808.833548
-7.625736,50,5812.077312
-10.521414,50,5815.310401
-10.319638,50,5818.669898
-11.786382,50,5821.954659
-9.268891,50,5825.282323
-5.361244,50,5828.643863
-12.734538,50,5831.877672
-11.3934,50,5835.099894
-6.28603,50,5838.330005
-7.601235,50,5841.550766
-10.329584,50,5844.730369
-6.383619,50,5847.907886
-10.336162,50,5851.091614
-7.025107,50,5854.306752
-6.69657,50,5857.586264
-14.326631,50,5860.848356
-5.984311,50,5864.118379
-9.371555,50,5867.77229
-13.880815,50,5871.072753
-11.487851,50,5874.371631
-4.913611,50,5877.706589
-5.925561,50,5881.073211
-7.542126,50,5884.427144
-13.11987,50,5887.707647
-8.453455,50,5891.014613
-6.734424,50,5894.575247
-5.256875,50,5897.947819
-14.797295,50,5901.143272
-6.467075,50,5904.381009
-10.484939,50,5907.650242
-6.669725,50,5910.86155
-10.567435,50,5914.074555
-10.757326,50,5917.270815
-12.773971,50,5920.550004
-6.959726,50,5923.737743
-9.399129,50,5927.161711
-8.889586,50,5930.389688
-11.544549,50,5933.623688
-5.453931,50,5936.845698
-11.629712,50,5940.058756
-10.327896,50,5943.314172
-7.740117,50,5946.524198
-12.316909,50,5949.828453
-5.421699,50,5953.097808
-12.709989,50,5956.332881
-12.275295,50,5959.571055
-5.210929,50,5962.894108
-10.535499,50,5966.195273
-14.065232,50,5969.389965
-8.129011,50,5972.605575
-9.48065,50,5975.801482
-8.114843,50,5979.057478
-5.69194,50,5982.732616
-11.328686,50,5986.386986
-7.141617,50,5989.900633
-10.946269,50,5993.137358
-8.034511,50,5996.615535
-10.868052,50,6000.276184
-11.774323,50,6003.796788
-13.132542,50,6007.332848
-7.411019,50,6010.696821
-13.322614,50,6014.247307
-11.334963,50,6018.21751
-6.207854,50,6021.819717
-12.155516,50,6025.496341
-5.079411,50,6029.33103
-10.912307,50,6032.95588
-13.493007,50,6036.457531
-4.955077,50,6039.792921
-7.945765,50,6043.414911
-12.850996,50,6046.923459
-14.213494,50,6050.842057
-9.029256,50,6054.721469
-14.393202,50,6058.454546
-5.161589,50,6062.409579
-8.476057,50,6066.074518
-12.553617,50,6069.860898
-11.752373,50,6073.645273
-5.395025,50,6077.464669
-6.216788,50,6081.148089
-10.79539,50,6084.818789
-13.243688,50,6088.185526
-6.607253,50,6091.505363
-8.464595,50,6095.138056
-5.972507,50,6098.797393
-14.412722,50,6102.340146
-11.814424,50,6105.892289
-11.280431,50,6109.440231
-14.179024,50,6112.971844
-9.173762,50,6116.537537
-14.274958,50,6119.981261
-11.170869,50,6123.336868
-10.750325,50,6126.822132
-9.591092,50,6130.176936
-6.089011,50,6133.527223
-10.294626,50,6136.865582
-7.785916,50,6140.265559
-10.224957,50,6143.718893
-10.746343,50,6147.205206
-6.412732,50,6150.644692
-10.822754,50,6154.137931
-11.304854,50,6157.778229
-10.650138,50,6161.225739
-9.238277,50,6165.096951
-12.26199,50,6168.72292
-6.99348,50,6172.743523
-10.159571,50,6176.214837
-6.926755,50,6179.856104
-11.108235,50,6183.349808
-6.68029,50,6186.844281
-9.907506,50,6190.075429
-7.148012,50,6193.473441
-7.615531,50,6196.89123
-9.488894,50,6200.147855
-6.896762,50,6203.371132
-9.414781,50,6206.573787
-9.034043,50,6209.794567
-9.927985,50,6212.981232
-9.627808,50,6216.174911
-5.985686,50,6219.538116
-9.26991,50,6222.878764
-7.824003,50,6226.170163
-8.139131,50,6229.393889
-10.562343,50,6232.681368
-8.270478,50,6236.208731
-9.503641,50,6239.51464
-12.833485,50,6242.736287
-7.73543,50,6245.919545
-10.04737,50,6249.169512
-7.380155,50,6252.381
-6.600467,50,6255.621475
-10.30222,50,6258.835453
-7.109288,50,6262.032788
-6.098602,50,6265.217423
-9.405413,50,6268.47827
-6.127061,50,6271.704195
-6.427707,50,6274.941949
-6.533018,50,6278.182627
-12.627235,50,6281.447561
-8.583873,50,6284.788809
-6.201303,50,6288.072457
-5.655054,50,6291.270372
-12.670503,50,6294.508595
-13.155597,50,6297.753798
-12.000465,50,6301.13492
-13.430881,50,6305.204569
-12.758195,50,6308.846209
-8.258984,50,6312.680068
-10.105873,50,6316.466193
-7.7395,50,6320.386873
-8.158636,50,6324.23627
-5.060251,50,6327.833621
-11.855857,50,6331.340934
-12.566358,50,6335.633197
-13.769894,50,6339.638286
-11.21585,50,6344.381094
-12.131666,50,6348.385295
-9.118703,50,6352.689652
-7.9607,50,6356.805267
-5.566221,50,6360.962771
-5.042142,50,6364.427139
-15.259515,50,6367.932996
-9.843864,50,6371.572393
-10.357661,50,6375.301178
-10.169226,50,6378.748967
-4.914837,50,6382.162164
-7.299493,50,6385.554802
-7.571489,50,6389.082764
-5.35477,50,6392.505085
-9.335971,50,6395.925965
-6.503907,50,6399.537562
-11.280572,50,6402.97846
-12.200515,50,6406.559527
-10.590487,50,6409.989408
-11.073816,50,6413.423046
-9.614559,50,6416.981434
-11.983563,50,6420.565212
-7.029904,50,6424.003151
-7.987438,50,6427.601258
-6.284984,50,6431.528146
-8.309756,50,6435.0469
-6.030014,50,6438.667875
-12.846671,50,6442.340515
-10.769696,50,6445.832021
-8.817304,50,6449.381088
-8.967067,50,6452.839019
-14.078745,50,6456.202729
-12.736775,50,6459.625803
-9.453946,50,6463.078949
-10.429712,50,6466.542764
-7.971071,50,6469.959612
-12.837743,50,6473.382807
-11.558607,50,6476.965368
-5.519429,50,6480.38037
-12.308288,50,6483.844838
-8.762176,50,6487.323594
-7.775503,50,6490.818149
-8.5069,50,6494.378798
-6.750441,50,6498.114618
-8.451748,50,6501.602092
-8.643021,50,6505.169529
-9.982145,50,6508.878609
-10.12384,50,6512.406698
-7.83748,50,6515.795094
-10.682152,50,6519.358332
-8.313751,50,6522.803616
-9.035998,50,6526.313411
-9.337134,50,6529.694428
-9.412055,50,6533.136212
-11.420301,50,6536.549868
-6.892495,50,6539.979005
-6.90354,50,6543.512053
-6.907756,50,6547.134423
-14.323199,50,6550.615261
-6.637019,50,6554.215607
-13.608174,50,6557.526708
-8.180004,50,6561.473362
-8.63999,50,6564.951643
-11.180659,50,6568.534511
-9.499052,50,6572.125692
-10.042857,50,6575.763959
-12.122563,50,6579.466779
-14.448196,50,6583.020087
-8.105246,50,6586.753376
-12.69341,50,6590.212893
-11.779649,50,6593.651354
-14.49918,50,6598.292938
-6.689806,50,6602.191917
-13.041879,50,6606.129525
-13.221585,50,6610.030322
-5.761116,50,6614.082053
-11.328028,50,6618.670061
-13.961789,50,6622.929437
-6.707615,50,6626.354833
-6.352824,50,6629.957852
-10.130319,50,6633.366132
-9.435562,50,6636.844299
-9.608297,50,6640.448179
-5.785363,50,6644.478516
-7.113394,50,6648.28782
-14.27242,50,6651.755759
-8.794042,50,6655.269292
-6.575107,50,6658.698027
-7.375781,50,6662.65093
-12.959203,50,6666.567009
-10.010209,50,6670.928768
-8.714026,50,6674.535328
-7.636153,50,6678.0906
-8.306026,50,6681.672909
-11.197778,50,6685.244597
-7.095716,50,6689.567462
-9.420879,50,6693.515551
-8.113182,50,6699.307921
-10.390767,50,6703.238966
-11.026263,50,6707.072619
-9.834948,50,6711.27498
-10.946405,50,6715.428267
-14.22361,50,6718.88835
-10.510015,50,6722.597812
-9.350985,50,6726.365737
-8.315492,50,6730.429664
-11.940089,50,6734.255971
-8.683754,50,6737.976217
-11.951935,50,6741.851645
-9.58151,50,6745.788134
-10.045352,50,6749.33473
-10.605502,50,6753.021083
-8.20629,50,6756.535336
-6.421972,50,6760.034184
-6.016338,50,6763.509368
-9.177082,50,6766.984681
-12.974297,50,6770.379804
-7.394394,50,6773.83062
-8.259745,50,6777.185264
-6.983729,50,6780.867296
-8.360153,50,6784.947839
-7.230897,50,6788.681245
-13.509694,50,6792.008459
-7.863656,50,6795.567417
-8.409106,50,6799.502447
-9.321814,50,6803.188421
-9.430809,50,6806.69961
-7.826514,50,6810.362429
-12.858617,50,6813.855787
-12.623505,50,6817.37789
-14.745122,50,6821.109279
-12.363921,50,6824.656502
-7.490575,50,6828.133133
-6.138519,50,6831.547256
-12.527072,50,6834.981708
-8.776264,50,6838.433424
-13.468972,50,6841.916725
-8.025808,50,6845.488656
-9.910125,50,6849.24558
-7.421932,50,6853.297393
-7.123239,50,6857.103022
-10.378541,50,6860.533491
-6.813378,50,6863.956888
-6.628957,50,6867.411301
-11.459047,50,6870.866435
-7.149737,50,6874.359216
-13.457599,50,6877.867155
-6.486581,50,6881.413236
-13.845872,50,6885.122591
-8.046955,50,6888.643409
-10.914004,50,6892.067492
-7.341982,50,6895.507248
-10.525471,50,6898.960428
-13.903574,50,6902.43515
-11.447388,50,6905.894643
-8.699813,50,6909.342684
-11.219822,50,6912.817621
-10.1,50,6916.850121
-11.75351,50,6920.706077
-8.193869,50,6924.316329
-7.073898,50,6927.809679
