#{"t_start": 1776943639.6980085, "env_id": "Reacher-v5"}
r,l,t
-48.654945,50,2.655056
-40.154008,50,2.789755
-43.369774,50,2.919702
-47.621556,50,3.077425
-31.35578,50,3.271518
-43.374353,50,3.374786
-41.288433,50,3.466354
-42.639616,50,3.556695
-43.965853,50,3.650528
-40.466298,50,3.742377
-45.935351,50,3.844874
-41.798608,50,3.933299
-46.926494,50,4.025492
-39.206213,50,4.116928
-38.879336,50,4.206687
-40.491389,50,4.295896
-39.042564,50,4.389971
-47.195964,50,4.478322
-39.479608,50,4.569419
-39.478748,50,4.661761
-44.435774,50,4.760059
-40.323616,50,4.859753
-42.993446,50,4.950673
-46.114987,50,5.040363
-42.735445,50,5.134831
-44.744942,50,5.235996
-47.960213,50,5.326084
-41.393451,50,5.414029
-44.476151,50,5.505417
-40.135439,50,5.595828
-39.573974,50,5.688024
-42.350178,50,5.782929
-40.636293,50,5.886514
-46.228371,50,5.975873
-44.318525,50,6.065388
-43.245813,50,6.157625
-41.400667,50,6.253368
-43.465209,50,6.343216
-36.680023,50,6.43121
-43.966959,50,6.518296
-40.443405,50,6.611205
-36.397221,50,6.706414
-40.079552,50,6.802133
-44.917924,50,6.895843
-47.5769,50,6.989136
-34.990801,50,7.080966
-40.852061,50,7.169959
-41.959299,50,7.260571
-40.207652,50,7.354811
-49.758567,50,7.44449
-42.553886,50,7.533105
-43.308461,50,7.624346
-52.951843,50,7.719525
-48.159231,50,7.835887
-42.12511,50,7.954119
-42.823789,50,8.049048
-41.289078,50,8.150983
-45.842891,50,8.246659
-42.145792,50,8.338975
-42.513688,50,8.428576
-42.194484,50,8.522871
-41.615171,50,8.620389
-41.243168,50,8.712817
-40.774738,50,8.810104
-44.288384,50,8.912019
-44.519929,50,9.001943
-46.153895,50,9.090585
-37.087515,50,9.182157
-46.21257,50,9.2832
-43.347724,50,9.376473
-39.536133,50,9.466836
-41.882556,50,9.555403
-45.533083,50,9.646236
-44.845941,50,9.733686
-48.706991,50,9.835473
-40.923601,50,9.938458
-40.810638,50,10.031374
-43.978586,50,10.129144
-51.597218,50,10.232607
-36.733293,50,10.337493
-38.488082,50,10.45169
-46.399439,50,10.56024
-40.304122,50,10.660967
-48.051539,50,10.753434
-48.115823,50,10.872202
-45.150786,50,11.003543
-46.027897,50,11.119685
-42.46331,50,11.225308
-45.615549,50,11.336169
-43.815727,50,11.443111
-45.828741,50,11.538453
-39.208262,50,11.63633
-43.736305,50,11.736302
-37.430246,50,11.832034
-40.698003,50,11.950313
-46.451222,50,12.049402
-39.82852,50,12.147254
-43.610411,50,12.244834
-39.406818,50,12.33722
-43.583067,50,12.439279
-31.023617,50,16.396
-108.374095,50,20.195143
-109.225442,50,24.129896
-104.75701,50,27.759615
-109.967753,50,31.699462
-109.447424,50,35.493944
-110.152145,50,39.115989
-107.27767,50,42.881878
-108.191505,50,46.74871
-108.974302,50,50.339874
-109.071769,50,54.262123
-107.615728,50,58.006874
-110.736048,50,61.659981
-110.212741,50,65.301997
-110.125672,50,68.872751
-102.563078,50,72.628614
-108.402446,50,76.678683
-104.87273,50,80.528482
-103.239462,50,84.66869
-108.326617,50,88.672335
-104.028114,50,92.329219
-104.998964,50,96.425284
-107.669011,50,100.30253
-107.631015,50,104.145833
-105.160026,50,107.936492
-107.271827,50,111.807975
-105.37209,50,115.603596
-109.89578,50,119.385353
-107.713797,50,123.399656
-105.039158,50,127.246727
-106.487859,50,131.096602
-107.857671,50,135.026975
-105.781753,50,138.894716
-107.062406,50,142.669879
-103.981017,50,146.506394
-109.722384,50,150.329892
-108.136658,50,154.261183
-107.952943,50,158.031414
-108.417886,50,162.050907
-109.781737,50,165.742426
-104.930351,50,169.452289
-106.329162,50,173.127245
-104.932878,50,176.828084
-107.541871,50,180.489115
-105.534368,50,184.165024
-107.954146,50,187.835507
-110.265321,50,191.539443
-107.887359,50,195.410976
-103.553312,50,199.168926
-107.91181,50,202.955812
-103.891409,50,206.806186
-109.513862,50,210.491845
-106.381821,50,214.277843
-106.479118,50,218.454852
-108.228826,50,222.641965
-104.93336,50,226.649247
-102.720863,50,231.433776
-103.714673,50,236.242874
-108.375062,50,240.803312
-104.600813,50,244.777277
-108.250058,50,248.603358
-103.117426,50,252.719038
-106.790451,50,256.594944
-104.619104,50,260.582845
-108.766861,50,264.900016
-105.065213,50,269.230076
-109.136817,50,273.187332
-106.44435,50,277.619766
-103.357149,50,281.783072
-105.850825,50,286.270461
-109.5517,50,291.154962
-105.70567,50,295.72512
-104.401869,50,299.80021
-104.910698,50,304.074786
-107.629756,50,308.146461
-109.123212,50,312.330431
-110.356225,50,316.316219
-108.983756,50,320.34327
-107.320073,50,324.69459
-103.032819,50,328.518556
-105.019162,50,332.326583
-105.090299,50,336.147579
-108.053477,50,339.856414
-107.774475,50,343.533589
-107.279937,50,347.301586
-108.548244,50,350.988567
-106.978786,50,354.88876
-105.42788,50,358.91118
-110.416244,50,362.918339
-107.477766,50,366.677691
-107.639887,50,370.387794
-104.716131,50,374.172887
-106.413544,50,377.871942
-106.578065,50,381.681723
-105.885407,50,385.486713
-106.642246,50,389.221683
-108.702823,50,393.132553
-107.021797,50,397.507255
-109.079367,50,401.914473
-106.633115,50,406.205787
-108.321098,50,410.357697
-105.666572,50,414.586212
-108.57227,50,418.868429
-109.236355,50,424.95737
-108.640201,50,429.975076
-108.810464,50,434.55457
-107.125457,50,439.111534
-110.188002,50,443.3992
-106.938378,50,447.733292
-106.439659,50,452.306592
-106.368165,50,456.80937
-105.018087,50,461.233229
-110.27582,50,465.642282
-106.378653,50,469.728211
-106.506621,50,473.911865
-108.022111,50,478.00422
-109.440531,50,482.070967
-110.169092,50,486.229964
-107.874974,50,490.461213
-105.818404,50,495.09373
-108.255068,50,499.557884
-108.106893,50,503.64916
-107.526961,50,507.825577
-110.384153,50,511.934337
-107.083814,50,516.332945
-106.150131,50,520.496107
-109.038701,50,524.689471
-105.618441,50,528.838195
-108.978432,50,533.039811
-110.662236,50,537.123729
-109.189197,50,541.287557
-109.731374,50,545.685729
-106.788714,50,550.043637
-106.628333,50,554.176476
-109.406171,50,558.750886
-109.228526,50,563.340536
-108.364648,50,568.02088
-109.290788,50,572.437291
-109.722678,50,577.033846
-106.699352,50,581.512992
-110.214965,50,586.038221
-105.667605,50,590.477341
-110.629199,50,595.003545
-102.869023,50,599.483256
-107.963819,50,604.157837
-105.302064,50,608.642356
-108.966167,50,612.885087
-109.418484,50,617.200883
-106.97501,50,621.684685
-105.932895,50,626.4643
-105.315516,50,631.097551
-108.561782,50,635.428169
-107.442917,50,639.5729
-104.669331,50,643.938792
-105.636241,50,648.375194
-107.002813,50,652.646587
-108.517609,50,656.867774
-103.471115,50,661.228297
-107.066548,50,665.517225
-105.680463,50,669.893814
-104.973077,50,674.390358
-104.806256,50,678.741683
-108.063154,50,683.3748
-107.641661,50,688.038318
-108.05913,50,692.239549
-108.772041,50,696.728258
-106.691698,50,701.003767
-107.803593,50,705.055952
-108.645733,50,709.122938
-110.013938,50,713.407682
-106.534982,50,717.66589
-109.931413,50,722.125891
-108.146771,50,726.199403
-104.670567,50,730.36105
-107.974862,50,734.49204
-109.209747,50,738.516205
-106.102107,50,742.903682
-104.659409,50,747.100941
-106.913332,50,751.111188
-108.560294,50,755.241812
-108.406364,50,759.261472
-104.905333,50,763.535557
-103.871604,50,767.765402
-108.583135,50,771.935527
-110.779972,50,775.943561
-103.377792,50,780.120523
-102.403755,50,784.153751
-106.889536,50,788.232231
-105.925194,50,792.25613
-109.74406,50,796.279793
-108.800173,50,800.837311
-106.497485,50,805.810588
-105.594391,50,809.910504
-106.948542,50,813.916181
-106.410403,50,817.803812
-109.097165,50,821.845777
-109.132106,50,825.786146
-106.483399,50,829.752408
-108.352607,50,833.890563
-108.191164,50,838.053232
-107.758889,50,841.938016
-106.479339,50,845.866549
-106.546434,50,849.698264
-103.095899,50,853.630327
-107.294359,50,857.567895
-109.628653,50,861.493783
-103.944045,50,865.373101
-107.657303,50,869.342295
-110.571146,50,873.198776
-106.899226,50,877.292576
-108.644041,50,881.186507
-104.620506,50,885.13803
-110.009037,50,889.111347
-106.093093,50,893.019801
-109.121025,50,897.099691
-108.819188,50,901.499996
-105.580768,50,905.899634
-109.955746,50,909.838361
-109.068691,50,913.743836
-106.884646,50,917.561076
-109.33009,50,921.410635
-109.225112,50,925.393882
-108.710244,50,929.660905
-102.855962,50,933.548119
-107.865986,50,937.707307
-107.792203,50,941.623245
-103.695977,50,945.616761
-107.912142,50,949.664297
-108.649849,50,953.824228
-108.770382,50,957.979443
-106.298525,50,961.885016
-108.109318,50,965.960283
-105.309886,50,970.010905
-106.508861,50,974.269796
-105.585267,50,978.238784
-108.347533,50,982.085137
-110.589861,50,985.992733
-107.205156,50,989.95874
-106.062945,50,994.608357
-106.823172,50,998.806532
-109.42728,50,1002.993089
-103.512969,50,1006.983275
-108.506888,50,1011.014598
-105.095026,50,1015.070111
-109.338542,50,1019.200519
-104.96133,50,1023.971449
-104.847588,50,1028.248871
-106.447717,50,1032.41078
-107.861178,50,1036.622182
-105.23257,50,1040.957844
-105.604177,50,1045.068942
-108.202524,50,1049.196781
-103.611689,50,1053.340404
-103.124335,50,1057.587786
-103.388899,50,1061.782181
-105.096396,50,1065.810383
-107.248868,50,1069.917043
-108.432782,50,1073.912366
-106.766318,50,1078.017096
-109.26684,50,1082.028096
-102.220873,50,1086.303458
-109.669735,50,1090.525233
-108.277265,50,1094.628843
-110.28,50,1098.660685
-108.246775,50,1102.915197
-107.626463,50,1107.35058
-109.551897,50,1111.449998
-102.237292,50,1115.605857
-108.800438,50,1120.098112
-108.093543,50,1124.177144
-106.130162,50,1128.29299
-109.642607,50,1132.313756
-104.466209,50,1136.451876
-106.471497,50,1140.489793
-106.104782,50,1144.483866
-107.099264,50,1148.693574
-107.76052,50,1152.798742
-110.246275,50,1156.966331
-108.520644,50,1161.026423
-107.80479,50,1165.152349
-108.220834,50,1169.553219
-108.752757,50,1173.804952
-102.859523,50,1178.067761
-105.918366,50,1182.316796
-102.489352,50,1186.478802
-108.725136,50,1190.535244
-110.523995,50,1194.622092
-109.46778,50,1198.817017
-110.88716,50,1203.164388
-109.776175,50,1207.278892
-105.962898,50,1211.960945
-105.36992,50,1216.090185
-110.192642,50,1220.211182
-110.518448,50,1224.316152
-106.210392,50,1228.626244
-108.227022,50,1232.800768
-108.845511,50,1237.241874
-105.09707,50,1241.747519
-109.34385,50,1246.219262
-109.163355,50,1250.923911
-110.552173,50,1255.512878
-109.053598,50,1259.683478
-105.003309,50,1263.977184
-107.444652,50,1268.560019
-107.801892,50,1273.081973
-107.413954,50,1277.4458
-108.828486,50,1281.984805
-105.539983,50,1286.236441
-107.311874,50,1291.001574
-109.675483,50,1295.491536
-105.792903,50,1300.736186
-108.962509,50,1305.604493
-108.387954,50,1310.423741
-105.133672,50,1315.506669
-110.413344,50,1319.573212
-107.977215,50,1324.0062
-109.765022,50,1328.265581
-109.722926,50,1332.640758
-110.418405,50,1337.028009
-109.631507,50,1340.993786
-107.185189,50,1345.464627
-108.731489,50,1349.732994
-109.334912,50,1353.858495
-109.22885,50,1357.840638
-109.324355,50,1361.949005
-105.096476,50,1365.957585
-104.255772,50,1369.928859
-106.409258,50,1373.952847
-107.711395,50,1378.412873
-109.732807,50,1382.977373
-107.915619,50,1387.453334
-107.441768,50,1392.83221
-104.954101,50,1397.983448
-104.83173,50,1402.412714
-102.35344,50,1406.634098
-109.767658,50,1410.817881
-107.297331,50,1415.294349
-107.908107,50,1419.662536
-109.046457,50,1423.755116
-107.6437,50,1427.682239
-107.822926,50,1431.727631
-103.592084,50,1435.895651
-105.337408,50,1440.042735
-105.656177,50,1444.767104
-109.192072,50,1449.253252
-109.525951,50,1453.450416
-106.374955,50,1457.598058
-108.003069,50,1461.760974
-107.683904,50,1466.1106
-109.558874,50,1470.483472
-108.731923,50,1474.566431
-106.930271,50,1479.315427
-106.572782,50,1484.012205
-105.332296,50,1488.439898
-109.452978,50,1492.753164
-107.711416,50,1497.07985
-110.084279,50,1501.434737
-109.485962,50,1505.879646
-106.128999,50,1510.208467
-110.467134,50,1514.836116
-104.875373,50,1519.15584
-107.739679,50,1523.265026
-107.922239,50,1527.634602
-109.125193,50,1531.803861
-109.151101,50,1536.06214
-110.808263,50,1540.231215
-105.941037,50,1544.501975
-106.851552,50,1549.017846
-107.726264,50,1553.184151
-109.323662,50,1557.378468
-106.323144,50,1561.521104
-107.894245,50,1565.778035
-105.190076,50,1569.828901
-109.835396,50,1574.05544
-109.024228,50,1578.733399
-109.626235,50,1583.270644
-110.550459,50,1587.765231
-105.889381,50,1592.168023
-108.960925,50,1596.552107
-108.254947,50,1600.902849
-110.78029,50,1605.00576
-109.403934,50,1609.155939
-104.288529,50,1613.488533
-109.608155,50,1617.678301
-107.632241,50,1623.425335
-106.829333,50,1628.015145
-110.029528,50,1632.611992
-109.352813,50,1637.083398
-108.902102,50,1641.631734
-106.364423,50,1646.294613
-106.785458,50,1650.900757
-107.017093,50,1655.10755
-109.165886,50,1659.724566
-107.957514,50,1663.808718
-108.514582,50,1667.899612
-109.185063,50,1671.973852
-107.395533,50,1676.018053
-104.892634,50,1680.08374
-107.097741,50,1684.218862
-109.69542,50,1688.260643
-110.205931,50,1692.537703
-109.626185,50,1696.818638
-108.189572,50,1701.187033
-110.690748,50,1706.043968
-107.088213,50,1710.226429
-107.079361,50,1714.748336
-102.859867,50,1719.523777
-106.825929,50,1723.713433
-108.664003,50,1727.815629
-108.742961,50,1731.873898
-109.712729,50,1736.076526
-108.455881,50,1740.186547
-109.458703,50,1744.347084
-108.298043,50,1748.548962
-108.553745,50,1752.589038
-108.274745,50,1756.589081
-109.430248,50,1760.572035
-104.783123,50,1764.717671
-104.358918,50,1769.295978
-104.447821,50,1773.540878
-105.353465,50,1777.786794
-104.809298,50,1782.248559
-108.816624,50,1786.892846
-108.594084,50,1791.252357
-109.96051,50,1795.498893
-107.731073,50,1800.010567
-106.867418,50,1804.086021
-109.026267,50,1808.094818
-107.418496,50,1812.229141
-109.735813,50,1816.771854
-104.97657,50,1820.960862
-107.448634,50,1825.187246
-103.258533,50,1829.618834
-107.291542,50,1836.655318
-108.114907,50,1841.193011
-108.464296,50,1845.344094
-106.923304,50,1849.536504
-109.338858,50,1854.184331
-108.878784,50,1858.433057
-110.462847,50,1862.682427
-110.348615,50,1866.727001
-104.2984,50,1870.877042
-107.894917,50,1874.896862
-110.606261,50,1880.568415
-104.85489,50,1885.470452
-108.38658,50,1889.703376
-109.430261,50,1893.865345
-105.906136,50,1898.316157
-107.73821,50,1902.524019
-106.672222,50,1906.686727
-106.748404,50,1910.903731
-104.405795,50,1915.297248
-109.626059,50,1920.890363
-103.583009,50,1925.114396
-109.305254,50,1929.144024
-103.867907,50,1933.349382
-108.368251,50,1937.364305
-105.630302,50,1941.876868
-104.960065,50,1946.28034
-109.649868,50,1950.933619
-107.102519,50,1955.383995
-105.477089,50,1959.790017
-106.355467,50,1964.258319
-106.049601,50,1968.375751
-107.535468,50,1972.615951
-104.161978,50,1976.736233
-107.768162,50,1980.96056
-106.171229,50,1985.317665
-108.604156,50,1989.74795
-105.050036,50,1995.530812
-105.877744,50,2000.026035
-106.514367,50,2004.327706
-109.323608,50,2008.676718
-105.580805,50,2012.993362
-108.319632,50,2017.386414
-105.800731,50,2021.518524
-110.59535,50,2025.66088
-106.724997,50,2029.719301
-105.883873,50,2034.06706
-104.47907,50,2038.708774
-108.034672,50,2043.027951
-109.5364,50,2047.373377
-105.92619,50,2051.864212
-107.477536,50,2056.591569
-106.805654,50,2061.579455
-108.410402,50,2067.601657
-106.414803,50,2072.38291
-109.324683,50,2076.679755
-107.312122,50,2081.015123
-108.843171,50,2085.039016
-108.436273,50,2089.044146
-107.771652,50,2093.15851
-105.588048,50,2097.360147
-104.039475,50,2101.535316
-109.632138,50,2105.873599
-110.265815,50,2110.047736
-108.500504,50,2114.267779
-109.176493,50,2118.317033
-104.878953,50,2122.323527
-109.012239,50,2126.6738
-106.752059,50,2131.374553
-109.621113,50,2135.675728
-108.454486,50,2140.114672
-109.507898,50,2144.521996
-104.434041,50,2148.835125
-106.194495,50,2152.763005
-108.85266,50,2156.91804
-107.011805,50,2160.985543
-109.292578,50,2165.601658
-104.988328,50,2169.629397
-109.961331,50,2173.871626
-106.376853,50,2177.87728
-102.640909,50,2182.31285
-108.670848,50,2186.849794
-106.741055,50,2190.906062
-109.436735,50,2195.34727
-106.037164,50,2199.550101
-106.257866,50,2203.463472
-102.98401,50,2207.401613
-105.475867,50,2211.572112
-109.129928,50,2215.595165
-106.62005,50,2219.750049
-108.985779,50,2224.683933
-110.63939,50,2228.7941
-106.570087,50,2233.492838
-103.344151,50,2237.428555
-107.329405,50,2241.48613
-107.046327,50,2245.594509
-109.577648,50,2249.77315
-110.735702,50,2253.80035
-108.956263,50,2258.524034
-105.239768,50,2262.84542
-109.087724,50,2267.13214
-102.846238,50,2271.178303
-108.752079,50,2275.365103
-102.875881,50,2280.010617
-106.383014,50,2284.32649
-102.429,50,2288.557092
-106.57055,50,2292.63079
-106.227745,50,2296.609151
-110.7904,50,2300.689247
-110.106034,50,2304.641482
-109.791102,50,2308.720254
-105.723674,50,2312.815673
-103.932544,50,2317.425037
-107.270047,50,2321.888606
-109.577687,50,2326.353616
-107.412892,50,2331.992879
-109.940237,50,2337.151345
-107.956362,50,2341.868243
-106.719306,50,2346.484333
-103.856629,50,2350.703066
-104.385626,50,2355.595597
-106.731968,50,2359.703693
-109.123286,50,2363.988302
-105.909532,50,2369.730078
-107.916649,50,2374.286196
-109.693273,50,2378.79072
-109.324852,50,2382.860301
-109.926133,50,2387.180324
-105.880758,50,2391.333633
-108.099002,50,2395.762694
-107.921791,50,2400.965296
-106.707803,50,2406.453112
-105.766155,50,2411.197428
-107.918586,50,2415.673739
-102.185485,50,2419.747641
-109.012732,50,2423.837683
-106.489164,50,2428.035907
-107.520786,50,2432.175583
-103.357955,50,2436.541339
-108.97845,50,2441.312907
-106.158337,50,2445.950669
-109.392698,50,2450.141727
-105.020254,50,2454.539814
-105.738519,50,2458.676529
-106.900136,50,2462.843995
-107.140335,50,2467.639565
-109.966567,50,2472.616255
-105.967404,50,2477.282108
-104.920491,50,2481.761378
-110.030791,50,2485.807066
-110.638767,50,2490.197068
-109.569033,50,2494.249376
-109.296267,50,2498.797306
-105.186281,50,2503.258896
-109.857791,50,2507.474849
-107.997696,50,2511.91019
-107.418254,50,2516.601322
-110.548319,50,2520.968166
-106.505374,50,2525.05385
-105.001823,50,2529.287928
-104.469275,50,2534.101775
-109.077994,50,2538.59613
-108.530443,50,2543.019901
-109.636927,50,2547.110841
-107.731099,50,2551.331902
-108.523338,50,2555.398412
-110.124384,50,2559.988324
-102.846336,50,2564.19113
-105.016371,50,2568.444541
-109.249624,50,2572.616396
-109.634321,50,2576.789577
-108.27032,50,2580.728498
-103.814347,50,2584.967737
-108.666338,50,2589.462776
-106.651443,50,2593.927703
-106.556987,50,2598.280451
-104.310822,50,2603.392541
-108.42273,50,2608.860011
-106.739662,50,2613.298825
-106.235597,50,2617.946577
-109.460526,50,2622.427208
-109.321468,50,2626.50271
-105.632405,50,2630.64177
-109.088271,50,2634.589995
-110.622517,50,2639.160723
-110.089226,50,2643.163843
-109.363411,50,2647.424832
-109.231516,50,2651.411554
-109.65009,50,2655.75492
-108.146943,50,2659.875954
-107.433034,50,2663.994404
-109.269994,50,2668.34155
-109.905642,50,2672.800198
-106.051836,50,2677.273915
-108.680804,50,2681.543435
-109.631762,50,2685.646523
-106.170922,50,2689.907305
-106.940055,50,2693.872894
-105.175631,50,2698.005016
-103.740676,50,2702.164925
-105.136431,50,2706.502576
-109.832921,50,2710.518123
-110.982414,50,2714.595615
-103.21737,50,2718.602018
-106.959381,50,2722.822322
-110.461711,50,2727.052563
-102.279508,50,2730.999779
-107.368911,50,2735.332474
-109.810465,50,2739.756232
-109.194001,50,2744.110659
-109.591727,50,2748.071617
-107.106134,50,2752.073298
-106.687342,50,2756.197042
-104.558178,50,2760.231647
-108.946026,50,2764.192607
-108.716993,50,2768.157418
-107.032157,50,2772.414643
-107.479825,50,2776.359795
-109.477909,50,2780.289566
-104.253415,50,2784.406026
-109.220331,50,2789.028777
-104.996171,50,2793.156427
-109.934046,50,2797.144977
-104.385316,50,2801.472846
-102.930358,50,2805.629964
-102.576474,50,2810.073206
-104.99943,50,2814.407072
-110.451107,50,2818.43741
-104.972085,50,2823.03389
-105.569384,50,2827.17254
-109.316776,50,2831.249606
-105.588702,50,2835.305181
-105.497899,50,2839.440467
-108.143721,50,2843.612278
-109.952827,50,2848.007849
-109.528278,50,2851.980307
-109.607122,50,2856.236844
-105.622015,50,2860.344797
-107.378469,50,2864.465284
-106.139518,50,2869.112633
-108.666415,50,2873.805602
-106.360633,50,2878.593748
-103.927416,50,2883.145679
-109.428177,50,2887.358532
-108.777931,50,2892.143101
-104.13152,50,2896.187535
-107.851941,50,2900.450561
-103.518491,50,2904.602885
-102.577236,50,2909.319128
-105.127658,50,2913.370636
-107.699263,50,2918.727227
-108.511916,50,2923.351111
-109.781112,50,2927.549591
-108.090809,50,2932.22004
-107.520966,50,2936.602927
-107.450588,50,2940.717138
-110.30368,50,2945.282963
-108.739439,50,2949.64683
-108.143752,50,2954.166861
-107.389531,50,2958.375738
-109.203439,50,2962.888867
-110.016766,50,2967.513595
-109.135007,50,2971.603276
-103.657846,50,2975.689259
-108.049228,50,2980.212604
-105.287283,50,2984.438169
-109.109694,50,2988.574165
-102.828078,50,2992.68846
-106.276935,50,2997.168415
-108.364787,50,3001.765386
-108.417987,50,3006.093058
-103.241395,50,3010.444416
-108.684484,50,3014.93295
-106.64953,50,3019.50081
-108.609813,50,3023.934863
-110.732178,50,3028.405494
-106.132236,50,3032.72225
-108.440947,50,3036.994779
-103.572235,50,3041.340799
-105.404509,50,3045.469644
-109.714786,50,3049.780536
-103.569214,50,3053.948533
-102.950001,50,3058.343289
-106.230261,50,3063.051901
-105.976232,50,3067.251029
-105.515193,50,3071.985815
-105.921674,50,3076.125776
-106.180779,50,3080.568026
-104.076547,50,3084.704822
-104.638489,50,3088.675733
-107.64247,50,3092.67797
-107.426323,50,3096.694556
-105.294449,50,3100.622021
-110.060814,50,3104.479776
-103.461464,50,3108.319515
-109.898537,50,3112.564207
-104.856821,50,3116.595869
-108.121197,50,3120.519424
-103.084109,50,3124.587136
-105.708428,50,3128.769233
-109.740358,50,3132.761082
-102.190469,50,3136.632588
-110.565007,50,3140.486805
-109.375281,50,3144.388785
-105.425755,50,3148.580488
-110.537207,50,3152.615983
-108.993957,50,3156.804222
-108.988797,50,3160.74831
-110.336629,50,3164.635789
-109.623807,50,3168.615287
-108.256468,50,3172.645618
-107.760872,50,3176.501744
-108.633775,50,3180.561264
-110.053489,50,3184.538507
-102.404414,50,3188.436108
-108.167179,50,3192.365022
-107.818832,50,3196.379338
-109.185212,50,3200.271043
-102.994491,50,3204.203624
-106.363487,50,3208.470358
-108.678637,50,3212.388954
-108.953623,50,3216.489076
-105.612115,50,3220.4622
-104.838834,50,3224.318989
-103.349752,50,3228.193582
-107.418348,50,3232.082402
-107.954434,50,3235.959868
-108.848793,50,3239.863366
-109.008104,50,3243.950705
-106.19147,50,3247.8597
-109.141899,50,3251.946533
-107.158319,50,3255.921263
-106.03249,50,3259.921919
-104.325045,50,3263.899395
-108.315215,50,3267.898765
-108.077483,50,3271.895859
-107.019237,50,3275.872682
-110.38682,50,3280.010669
-104.901852,50,3284.09836
-107.808249,50,3288.085635
-109.009862,50,3292.145167
-109.610152,50,3296.106275
-104.949667,50,3299.991873
-108.860421,50,3304.193337
-109.525428,50,3308.184536
-109.315365,50,3312.087614
-109.134215,50,3316.073437
-108.366102,50,3319.916778
-108.65061,50,3324.100543
-108.622435,50,3328.230151
-109.266866,50,3332.134395
-110.669202,50,3336.073027
-108.27134,50,3340.304432
-103.88104,50,3344.297304
-105.347523,50,3348.243621
-105.162802,50,3352.597854
-109.33676,50,3356.768669
-103.32226,50,3360.983448
-107.568455,50,3364.837602
-109.680499,50,3368.744737
-110.069891,50,3372.788965
-107.665879,50,3376.758898
-103.743479,50,3380.731764
-110.857592,50,3384.8459
-108.055252,50,3389.079419
-108.615148,50,3393.147775
-105.764522,50,3397.108101
-106.095793,50,3400.999157
-106.652495,50,3404.868776
-106.372753,50,3408.804454
-108.672784,50,3412.783394
-110.050051,50,3416.761749
-104.842085,50,3421.440772
-108.284598,50,3425.53911
-109.324436,50,3429.494514
-107.992596,50,3433.442302
-106.737055,50,3437.377595
-107.225851,50,3441.326327
-107.927931,50,3445.263744
-108.569242,50,3449.305384
-106.493609,50,3453.170542
-102.658278,50,3457.407575
-109.160593,50,3461.42296
-103.000075,50,3465.307366
-109.207948,50,3469.218247
-109.76409,50,3473.108572
-108.61566,50,3476.964436
-107.350766,50,3480.787472
-105.859626,50,3484.767373
-105.485939,50,3488.782129
-104.194823,50,3492.718842
-109.496222,50,3496.58932
-108.223691,50,3500.527166
-106.085107,50,3504.574221
-109.014528,50,3508.731583
-107.981709,50,3512.695764
-109.935266,50,3516.657659
-108.872482,50,3520.705923
-104.444475,50,3524.783708
-106.690688,50,3528.65592
-109.476553,50,3532.543517
-106.543624,50,3536.410952
-108.553912,50,3540.26076
-105.442322,50,3544.126874
-109.659963,50,3548.041254
-108.25883,50,3552.078809
-104.658071,50,3556.092742
-105.924727,50,3559.951026
-105.829866,50,3563.855631
-108.832919,50,3567.804829
-109.602913,50,3571.818217
-106.732918,50,3576.47928
-110.107743,50,3581.613582
-110.514864,50,3585.918081
-107.897272,50,3590.226616
-103.504423,50,3594.756712
-107.783772,50,3599.440766
-105.101225,50,3604.020933
-103.418856,50,3608.468448
-107.485194,50,3612.876836
-109.178439,50,3617.482871
-107.762579,50,3622.481749
-104.574213,50,3627.041422
-107.496872,50,3631.171845
-109.810292,50,3636.426268
-107.917445,50,3641.028624
-103.914314,50,3645.288795
-105.592935,50,3649.44938
-106.249438,50,3653.773102
-105.718536,50,3658.091176
-106.631363,50,3662.266121
-109.678444,50,3666.421651
-105.012957,50,3670.483713
-109.610693,50,3674.666665
-108.650892,50,3678.937682
-107.937371,50,3682.905387
-110.548795,50,3687.641875
-105.655412,50,3691.894489
-104.924603,50,3696.19346
-107.456372,50,3700.701741
-109.123388,50,3704.88554
-108.571543,50,3709.409801
-106.812097,50,3713.849166
-109.389079,50,3718.169541
-104.270198,50,3723.070844
-110.365759,50,3727.198441
-108.045994,50,3731.63061
-109.675633,50,3736.105409
-103.133048,50,3740.410794
-106.876049,50,3744.589187
-109.999712,50,3748.782218
-105.347716,50,3752.812522
-106.879517,50,3757.355783
-109.12946,50,3761.522
-107.222642,50,3765.559546
-107.239495,50,3769.758747
-105.860914,50,3774.216758
-106.641053,50,3778.256819
-105.879571,50,3782.461389
-108.918737,50,3786.603796
-110.437307,50,3790.80431
-107.810906,50,3794.892009
-104.775218,50,3799.009108
-110.089374,50,3803.003762
-102.461444,50,3807.287253
-108.891298,50,3811.267422
-103.381267,50,3815.320596
-110.875975,50,3819.306349
