#{"t_start": 1776854776.4428172, "env_id": "Reacher-v5"}
r,l,t
-48.654945,50,1.411964
-40.154008,50,1.48209
-43.369774,50,1.552942
-47.621556,50,1.627151
-31.35578,50,1.702606
-43.374353,50,1.77651
-41.288433,50,1.845218
-42.639616,50,1.913947
-43.965853,50,1.998867
-40.466298,50,2.086237
-45.935351,50,2.157748
-41.798608,50,2.22502
-46.926494,50,2.313706
-39.206213,50,2.387243
-38.879336,50,2.461559
-40.491389,50,2.536773
-39.042564,50,2.612574
-47.195964,50,2.686029
-39.479608,50,2.753988
-39.478748,50,2.825266
-48.540797,50,4.280583
-40.444763,50,5.300263
-40.233685,50,6.308748
-40.074661,50,7.345596
-45.664753,50,8.40263
-48.824519,50,9.43889
-37.338567,50,10.453236
-36.31118,50,11.466257
-36.67716,50,12.563257
-34.800143,50,13.594473
-37.251667,50,14.614676
-28.707061,50,15.621595
-30.512177,50,16.681101
-33.594716,50,17.712168
-37.015891,50,18.805397
-31.452403,50,19.822492
-30.779626,50,20.881462
-30.637384,50,21.898316
-33.628837,50,22.913074
-33.947221,50,24.014259
-33.36384,50,25.073028
-28.518786,50,26.09461
-29.59299,50,27.156722
-25.444401,50,28.210058
-37.718727,50,29.319805
-28.884284,50,30.389307
-30.832511,50,31.471383
-31.695375,50,32.491786
-34.214092,50,33.605988
-34.394657,50,34.652866
-33.426595,50,35.707746
-27.60034,50,36.722029
-33.387006,50,37.789652
-32.542259,50,38.834133
-29.285263,50,39.915572
-31.274108,50,40.976885
-31.06465,50,42.230834
-30.045792,50,43.341354
-31.590896,50,44.811209
-20.775344,50,46.095529
-27.093207,50,47.141801
-36.431139,50,48.208916
-27.927079,50,49.432558
-25.463754,50,50.516905
-31.561472,50,51.618132
-32.279885,50,52.890301
-28.908451,50,54.194283
-25.151608,50,55.4388
-29.255568,50,56.645722
-31.793174,50,57.737372
-27.171781,50,58.876996
-33.988785,50,60.033406
-29.989704,50,61.269715
-33.263011,50,62.397841
-30.543038,50,63.499604
-27.985335,50,64.593849
-29.700928,50,65.713489
-21.09318,50,66.775227
-29.466645,50,67.838391
-20.899145,50,68.888236
-23.275149,50,69.972849
-23.51366,50,71.039021
-25.925396,50,72.109658
-27.508425,50,73.183288
-26.21128,50,74.303292
-24.124121,50,75.410978
-29.30541,50,76.491481
-26.009417,50,77.554408
-30.831165,50,78.649439
-22.362436,50,79.732795
-20.682729,50,80.821709
-21.323249,50,81.903316
-18.314035,50,83.02231
-20.018214,50,84.122941
-24.549154,50,85.231316
-23.356243,50,86.309003
-21.07328,50,87.437332
-22.721996,50,88.531796
-30.822874,50,89.604352
-27.607843,50,90.66946
-20.214529,50,91.798372
-28.246441,50,92.879357
-25.767528,50,93.975692
-24.976566,50,95.065714
-22.262355,50,96.177044
-28.095042,50,97.258336
-20.694667,50,98.337165
-29.053857,50,99.410024
-14.8972,50,100.514371
-20.040365,50,101.606351
-22.914955,50,102.693456
-21.365834,50,103.789675
-23.705062,50,104.905166
-22.887078,50,106.005814
-24.611787,50,107.069433
-17.218787,50,108.144199
-23.976249,50,109.278514
-17.264341,50,110.364219
-19.202628,50,111.443805
-18.599341,50,112.529637
-20.68939,50,113.639348
-16.676463,50,114.746082
-15.782376,50,115.842094
-18.374928,50,116.912618
-18.124434,50,118.021999
-15.812642,50,119.091101
-21.677967,50,120.160193
-26.657945,50,121.226679
-18.625359,50,122.360795
-18.470651,50,123.452521
-20.878322,50,124.541618
-14.552565,50,125.617397
-19.684051,50,126.748257
-15.797622,50,127.807804
-18.36629,50,128.876959
-23.718499,50,129.956105
-19.437146,50,131.058631
-21.315127,50,132.176497
-24.090409,50,133.259477
-21.755734,50,134.35041
-18.838064,50,135.453812
-22.550192,50,136.560083
-17.673011,50,137.618039
-16.819476,50,138.691842
-14.202498,50,139.792806
-20.82889,50,140.878173
-18.261015,50,141.940149
-14.600417,50,143.033937
-21.577078,50,144.148497
-12.46774,50,145.24671
-12.953871,50,146.342036
-21.428865,50,147.428476
-15.175598,50,148.519465
-18.155282,50,149.611259
-22.671557,50,150.702631
-14.668097,50,151.772535
-13.681615,50,152.885432
-13.994142,50,153.96874
-20.470488,50,155.071313
-12.979491,50,156.160709
-14.580248,50,157.267066
-18.190091,50,158.347279
-19.947899,50,159.421347
-11.713293,50,160.495029
-21.79096,50,161.594864
-13.152996,50,162.679472
-15.821808,50,163.786557
-21.311247,50,164.864668
-14.261515,50,165.972977
-16.98761,50,167.067186
-18.651662,50,168.131242
-15.02902,50,169.211918
-18.502162,50,170.325188
-13.317033,50,171.386525
-12.198688,50,172.440355
-19.912118,50,173.542423
-18.003497,50,174.672974
-20.717739,50,175.766611
-11.851788,50,176.836007
-10.95556,50,177.915499
-18.486797,50,179.022176
-13.769938,50,180.101132
-9.826,50,181.177811
-15.447195,50,182.260208
-20.187721,50,183.39117
-8.66086,50,184.483252
-13.13645,50,185.579162
-16.319566,50,186.695994
-11.254635,50,187.811127
-13.922839,50,188.89436
-15.823115,50,189.962436
-13.341086,50,191.036999
-12.041321,50,192.152492
-11.815754,50,193.243225
-8.814766,50,194.338887
-16.697702,50,195.420095
-18.878302,50,196.537738
-14.930406,50,197.616946
-10.741186,50,198.686775
-11.080661,50,199.748642
-18.322486,50,200.844719
-13.076074,50,201.9199
-12.555455,50,203.001719
-15.502247,50,204.077997
-16.595819,50,205.195082
-9.829538,50,206.286773
-11.87916,50,207.370478
-15.66477,50,208.439955
-16.17592,50,209.546825
-16.661491,50,210.620649
-15.481944,50,211.685258
-16.33303,50,212.752273
-22.076184,50,213.850201
-11.209269,50,214.950322
-13.394718,50,216.040719
-9.964483,50,217.136706
-14.589912,50,218.235945
-21.198628,50,219.346555
-16.420763,50,220.42381
-12.848038,50,221.500988
-15.62261,50,222.599637
-6.798313,50,223.685546
-16.041081,50,224.761506
-21.461476,50,225.850842
-11.836889,50,226.963491
-16.490205,50,228.061566
-16.279532,50,229.123339
-14.376778,50,230.198011
-12.289395,50,231.286048
-15.548958,50,232.352662
-15.366568,50,233.439243
-21.297666,50,234.513706
-12.351075,50,235.627795
-12.862325,50,236.70362
-10.312315,50,237.789407
-18.81532,50,238.871447
-10.939746,50,239.978509
-12.623502,50,241.04765
-14.881655,50,242.109086
-13.529272,50,243.182917
-21.51284,50,244.301962
-14.174615,50,245.384783
-13.719796,50,246.48438
-10.234783,50,247.564882
-12.211196,50,248.686458
-12.055165,50,249.768154
-7.624141,50,250.823825
-10.062338,50,251.889267
-10.466264,50,252.978859
-16.413657,50,254.071455
-11.492126,50,255.161644
-18.605283,50,256.258714
-18.397422,50,257.338231
-10.606888,50,258.439909
-7.996662,50,259.501346
-11.721477,50,260.580742
-15.547917,50,261.646967
-11.154567,50,262.72572
-8.82368,50,263.798684
-12.266132,50,264.880557
-8.998967,50,265.972271
-12.167468,50,267.059523
-16.106044,50,268.133592
-8.959325,50,269.218282
-14.811993,50,270.304248
-15.176431,50,271.379503
-9.480285,50,272.466322
-13.487942,50,273.53923
-15.923209,50,274.650829
-19.755683,50,275.725849
-13.898522,50,276.810221
-20.928845,50,277.885966
-13.079464,50,278.983976
-10.656463,50,280.068424
-15.256955,50,281.141455
-11.316934,50,282.213723
-9.835044,50,283.292261
-11.960902,50,284.365804
-9.528686,50,285.457833
-13.86242,50,286.525954
-13.058838,50,287.610999
-11.194139,50,288.689462
-10.847307,50,289.779228
-13.131018,50,290.865746
-15.187684,50,291.921617
-11.471694,50,292.974463
-11.781854,50,294.027872
-11.131317,50,295.092174
-10.017745,50,296.174645
-13.816881,50,297.246788
-15.38301,50,298.306202
-13.07386,50,299.374214
-11.05928,50,300.430766
-17.411284,50,301.497551
-6.577558,50,302.553704
-17.952116,50,303.603925
-10.237636,50,304.714798
-9.73599,50,305.844768
-10.520656,50,306.959745
-16.386524,50,308.067545
-13.801234,50,309.188513
-7.871446,50,310.248273
-11.913155,50,311.264443
-8.594788,50,312.313776
-14.01406,50,313.333302
-16.144989,50,314.374995
-9.184469,50,315.389497
-12.252977,50,316.401133
-14.654464,50,317.417784
-14.460056,50,318.435731
-10.445999,50,319.464589
-13.466367,50,320.495605
-18.314622,50,321.516109
-12.570604,50,322.531584
-17.121748,50,323.552662
-5.729561,50,324.567557
-11.613019,50,325.587824
-5.140403,50,326.614672
-4.464389,50,327.623751
-11.626172,50,328.642069
-12.764815,50,329.658355
-8.867384,50,330.683503
-6.82147,50,331.699936
-12.799632,50,332.722545
-14.880518,50,333.760297
-13.021643,50,334.784859
-10.36967,50,335.793206
-6.899648,50,336.810171
-12.278661,50,337.829767
-12.046208,50,338.855196
-11.581922,50,339.85909
-9.125866,50,340.881373
-13.746083,50,341.896734
-13.141059,50,342.918008
-12.415531,50,343.935303
-14.819438,50,344.992552
-12.942344,50,346.024175
-11.758684,50,347.053491
-14.814134,50,348.068322
-16.065728,50,349.090883
-6.391346,50,350.113171
-12.39224,50,351.130847
-7.669707,50,352.129836
-10.460453,50,353.167221
-18.441774,50,354.191342
-12.04325,50,355.217935
-9.341137,50,356.227009
-9.374892,50,357.245652
-10.116527,50,358.259739
-7.865632,50,359.272575
-11.250534,50,360.287671
-12.247329,50,361.311292
-8.646084,50,362.330716
-9.522061,50,363.356341
-12.328172,50,364.37036
-9.337481,50,365.388667
-10.251593,50,366.407691
-13.078017,50,367.427475
-14.934602,50,368.474911
-19.623968,50,369.498863
-10.916623,50,370.517712
-8.552871,50,371.537832
-12.719097,50,372.554669
-16.661778,50,373.573979
-14.674678,50,374.600613
-11.024317,50,375.613087
-18.345156,50,376.629208
-7.262083,50,377.640332
-13.738504,50,378.656264
-16.193376,50,379.670171
-10.406073,50,380.674898
-17.103623,50,381.687102
-10.032264,50,382.700519
-8.82322,50,383.717445
-6.588219,50,384.730954
-15.557167,50,385.744654
-7.91984,50,386.770201
-16.744764,50,387.779806
-13.048776,50,388.79264
-8.688571,50,389.799924
-17.508053,50,390.842706
-4.547577,50,391.856011
-9.165501,50,392.876563
-10.601486,50,393.89068
-11.964529,50,394.914493
-13.598867,50,395.923723
-20.365868,50,396.942149
-12.037392,50,397.951859
-14.201846,50,398.968618
-13.336104,50,399.980443
-8.109209,50,401.003762
-12.991815,50,402.02051
-19.607674,50,403.045208
-7.561265,50,404.060641
-9.256145,50,405.071881
-9.152885,50,406.082356
-9.2268,50,407.104355
-9.539544,50,408.108122
-10.629421,50,409.118317
-9.387254,50,410.127412
-17.847329,50,411.159273
-16.766194,50,412.17206
-11.383505,50,413.188741
-16.131593,50,414.208206
-15.812271,50,415.229787
-11.138637,50,416.247844
-5.678035,50,417.269389
-11.634104,50,418.275743
-4.349009,50,419.295761
-17.932136,50,420.307244
-13.045365,50,421.325639
-14.551876,50,422.33981
-10.097112,50,423.364693
-12.658326,50,424.386559
-16.501346,50,425.404469
-9.52642,50,426.418954
-15.039843,50,427.441866
-19.585908,50,428.450912
-12.849924,50,429.469328
-15.606249,50,430.48504
-9.84801,50,431.519255
-15.790545,50,432.530652
-18.922501,50,433.55743
-16.275829,50,434.576721
-15.326491,50,435.616233
-14.042749,50,436.630954
-8.795304,50,437.649436
-8.713283,50,438.66255
-11.662262,50,439.685116
-14.63469,50,440.697994
-8.545681,50,441.715889
-8.796725,50,442.731912
-9.592061,50,443.759718
-12.615213,50,444.767591
-10.971616,50,445.788123
-10.105297,50,446.805325
-7.122316,50,447.836336
-9.220803,50,448.862245
-12.631595,50,449.877539
-13.789414,50,450.888139
-16.279717,50,451.910473
-8.485527,50,452.92158
-9.590967,50,453.941533
-11.864443,50,454.96789
-15.477309,50,455.99511
-17.788344,50,457.003437
-13.697827,50,458.022757
-12.979926,50,459.035543
-10.873722,50,460.065227
-19.483385,50,461.07041
-5.472968,50,462.093855
-10.442239,50,463.105957
-16.692286,50,464.143142
-13.633109,50,465.155856
-12.349184,50,466.167834
-9.312578,50,467.18882
-12.608674,50,468.20666
-11.90525,50,469.232891
-7.62065,50,470.241407
-9.54837,50,471.266241
-14.748121,50,472.282451
-16.995567,50,473.308848
-9.019501,50,474.315725
-8.921193,50,475.331825
-10.948746,50,476.354446
-11.538753,50,477.367884
-11.913228,50,478.382366
-12.935431,50,479.402209
-7.367562,50,480.423376
-14.910751,50,481.432613
-13.652441,50,482.444763
-9.093013,50,483.46775
-8.850115,50,484.494339
-13.301333,50,485.516207
-6.923247,50,486.53088
-10.941339,50,487.553306
-10.649054,50,488.601458
-11.43535,50,489.626476
-19.253942,50,490.642469
-4.60006,50,491.65061
-11.684676,50,492.672628
-4.344821,50,493.696388
-9.602233,50,494.708924
-18.799075,50,495.72303
-12.740336,50,496.74578
-6.99977,50,497.758315
-15.597525,50,498.76913
-17.276712,50,499.790166
-8.851614,50,500.806312
-15.64719,50,501.844733
-14.148671,50,502.863223
-10.089898,50,503.891005
-12.135362,50,504.915843
-12.988563,50,505.935852
-13.135005,50,506.95801
-17.858164,50,507.979413
-6.230041,50,509.004129
-6.469126,50,510.022511
-14.579311,50,511.045802
-20.149388,50,512.059135
-5.954792,50,513.083986
-14.405414,50,514.11887
-10.103649,50,515.140068
-9.46144,50,516.164852
-7.652172,50,517.199367
-5.678024,50,518.213414
-12.585152,50,519.231
-16.123659,50,520.258034
-13.649265,50,521.29947
-12.726565,50,522.32067
-16.214518,50,523.338517
-13.083591,50,524.358294
-18.644467,50,525.372643
-15.892427,50,526.387926
-10.636022,50,527.40155
-11.345314,50,528.420261
-8.529886,50,529.43625
-11.409306,50,530.459712
-6.78572,50,531.471632
-12.438902,50,532.491569
-14.826618,50,533.518207
-7.057333,50,534.542191
-5.437998,50,535.546057
-7.292421,50,536.568805
-2.959209,50,537.597095
-13.399122,50,538.611867
-10.590208,50,539.622415
-4.559279,50,540.637859
-15.02503,50,541.659581
-5.520801,50,542.691738
-9.065926,50,543.71314
-13.297837,50,544.747235
-11.762876,50,545.778766
-12.260047,50,546.797536
-9.080969,50,547.842267
-8.046029,50,548.876965
-6.447282,50,549.907574
-13.096737,50,550.924779
-10.250886,50,551.934032
-10.494043,50,552.955665
-17.59336,50,553.981918
-6.049127,50,555.001717
-9.965298,50,556.015709
-20.672921,50,557.034571
-7.519896,50,558.059023
-16.001919,50,559.080198
-19.182138,50,560.090203
-5.677836,50,561.105806
-6.413632,50,562.120258
-12.049566,50,563.13142
-6.740833,50,564.154541
-9.197612,50,565.171953
-12.575704,50,566.193964
-5.813462,50,567.20471
-14.231824,50,568.224357
-8.363315,50,569.235296
-12.663224,50,570.254867
-7.414987,50,571.268856
-8.491825,50,572.294665
-18.145801,50,573.307781
-13.104167,50,574.334787
-14.994884,50,575.356963
-7.829356,50,576.375552
-7.623664,50,577.388474
-12.531449,50,578.413928
-8.279743,50,579.421604
-10.461309,50,580.43381
-11.366157,50,581.454635
-5.768384,50,582.483246
-5.874577,50,583.495425
-10.859943,50,584.554971
-9.131604,50,585.568177
-14.966006,50,586.601758
-10.102994,50,587.607664
-15.300908,50,588.629589
-9.711048,50,589.627491
-9.001624,50,590.653826
-13.479116,50,591.668652
-8.127391,50,592.688182
-11.258161,50,593.710061
-15.797858,50,594.747699
-5.578852,50,595.756778
-7.855231,50,596.774438
-9.656759,50,597.787199
-13.200204,50,598.811399
-7.913141,50,599.8333
-11.490762,50,600.856567
-11.9058,50,601.873101
-11.314008,50,602.921132
-14.44526,50,603.939914
-11.394612,50,604.962503
-16.520818,50,605.985016
-12.531099,50,607.017376
-9.497431,50,608.037162
-16.563793,50,609.052623
-14.177408,50,610.067402
-9.769105,50,611.091319
-12.763667,50,612.106871
-10.005749,50,613.125302
-13.618139,50,614.144144
-7.606865,50,615.169756
-13.547383,50,616.180059
-16.230057,50,617.192822
-8.101718,50,618.209999
-6.58571,50,619.241002
-14.708416,50,620.252569
-3.273805,50,621.27284
-9.159737,50,622.283063
-4.165339,50,623.321754
-12.261522,50,624.340803
-5.239215,50,625.360072
-11.098289,50,626.376436
-6.05369,50,627.40294
-8.943873,50,628.41344
-8.568305,50,629.437262
-11.140742,50,630.449992
-11.323512,50,631.48899
-9.220132,50,632.506498
-7.786216,50,633.52523
-6.775432,50,634.532109
-8.258724,50,635.552651
-10.697011,50,636.564864
-10.533737,50,637.58254
-9.522026,50,638.611645
-14.45575,50,639.642767
-10.574609,50,640.653263
-15.041591,50,641.679068
-10.60336,50,642.699823
-15.591423,50,643.775126
-8.715777,50,644.873305
-9.601765,50,645.887485
-5.864028,50,646.904767
-12.528591,50,647.941988
-8.662597,50,648.961006
-12.486765,50,649.982169
-8.357607,50,651.003659
-14.651851,50,652.026348
-5.747526,50,653.032551
-8.550911,50,654.050588
-11.503,50,655.063362
-6.802607,50,656.088294
-7.194287,50,657.140601
-9.495151,50,658.156422
-9.980789,50,659.165076
-6.451432,50,660.186533
-8.05632,50,661.201872
-17.494244,50,662.217775
-12.588981,50,663.238853
-16.214814,50,664.269142
-14.91952,50,665.28532
-15.269713,50,666.295327
-12.061201,50,667.308681
-8.425209,50,668.357947
-6.360385,50,669.377435
-7.784444,50,670.437181
-13.887265,50,671.446922
-5.819097,50,672.477778
-19.348508,50,673.488241
-11.612057,50,674.520494
-15.092026,50,675.528852
-6.268077,50,676.552722
-10.261642,50,677.570932
-17.434762,50,678.590696
-16.096634,50,679.605863
-10.297545,50,680.634339
-8.964213,50,681.646866
-8.218494,50,682.657358
-13.213674,50,683.680871
-13.674725,50,684.699536
-14.182767,50,685.717196
-8.935118,50,686.778758
-15.281432,50,687.809869
-9.371689,50,688.828466
-3.329829,50,689.846697
-9.019143,50,690.866174
-7.520388,50,691.894028
-10.729149,50,692.926915
-7.89342,50,693.947658
-6.831579,50,694.964318
-7.39466,50,695.984797
-8.172063,50,697.008474
-9.585753,50,698.025676
-13.17059,50,699.039402
-10.811825,50,700.053195
-10.684318,50,701.071131
-6.691234,50,702.09089
-6.40143,50,703.106995
-16.052412,50,704.136968
-12.664114,50,705.162096
-15.740973,50,706.181123
-6.895194,50,707.194439
-12.306529,50,708.226827
-10.15748,50,709.24608
-18.80538,50,710.268379
-12.513366,50,711.27883
-14.715032,50,712.294271
-8.211826,50,713.308025
-15.685186,50,714.335763
-15.085791,50,715.354031
-9.386767,50,716.368488
-12.433402,50,717.381534
-4.390088,50,718.396334
-14.711445,50,719.427278
-10.078836,50,720.445125
-7.159827,50,721.474706
-15.422318,50,722.484755
-5.715594,50,723.503814
-14.124852,50,724.527016
-13.758222,50,725.539136
-17.859275,50,726.554766
-7.994635,50,727.570448
-11.16088,50,728.593648
-8.587726,50,729.614485
-15.155593,50,730.635276
-14.772496,50,731.643408
-18.989351,50,732.661888
-10.647512,50,733.684152
-11.996287,50,734.703035
-12.393936,50,735.712842
-8.911952,50,736.725911
-9.531924,50,737.744367
-9.897133,50,738.769504
-17.713993,50,739.780617
-12.47435,50,740.792551
-13.862886,50,741.810688
-7.625117,50,742.832775
-12.623534,50,743.853698
-8.365397,50,744.877002
-11.502891,50,745.903387
-11.959122,50,746.92222
-13.990151,50,747.938825
-10.749449,50,748.957593
-9.934841,50,749.976679
-3.700738,50,750.989604
-15.868596,50,752.001072
-10.025133,50,753.019102
-11.79591,50,754.038852
-14.463333,50,755.065854
-10.750703,50,756.073769
-4.934302,50,757.093158
-18.237815,50,758.121038
-14.652863,50,759.142341
-10.595101,50,760.168523
-6.765769,50,761.185091
-9.206996,50,762.214279
-7.136585,50,763.227667
-14.278443,50,764.248377
-14.362765,50,765.267031
-9.540554,50,766.297141
-15.29271,50,767.322398
-17.646443,50,768.33509
-8.412655,50,769.348854
-10.825805,50,770.368911
-10.538141,50,771.388054
-16.621862,50,772.394349
-11.48215,50,773.419768
-10.972275,50,774.44978
-7.691745,50,775.468371
-7.166768,50,776.483136
-20.415725,50,777.496193
-8.291681,50,778.530889
-6.992052,50,779.545553
-15.422132,50,780.570811
-7.160632,50,781.587287
-8.818951,50,782.610905
-13.921939,50,783.630696
-14.98944,50,784.645348
-14.475868,50,785.656319
-13.751921,50,786.684911
-7.274484,50,787.691314
-8.858038,50,788.713557
-5.902946,50,789.722886
-14.971619,50,790.769552
-8.999775,50,791.785432
-7.656354,50,792.808595
-7.020775,50,793.812774
-15.220799,50,794.834456
-7.074712,50,795.855221
-11.44863,50,796.885555
-7.951587,50,797.890158
-8.348958,50,798.930741
-10.443009,50,799.942946
-9.399991,50,800.958734
-8.520763,50,801.956433
-14.885205,50,802.978208
-13.606682,50,804.000955
-11.090003,50,805.022617
-8.473186,50,806.037772
-16.439806,50,807.07297
-9.153179,50,808.08457
-15.381587,50,809.108629
-10.541334,50,810.12611
-11.224877,50,811.149081
-8.281206,50,812.162788
-13.930115,50,813.196896
-8.643788,50,814.211876
-12.947958,50,815.238624
-10.542773,50,816.25013
-14.738605,50,817.282689
-7.17689,50,818.289472
-7.992373,50,819.31259
-13.7383,50,820.332833
-11.214563,50,821.349995
-6.723715,50,822.364648
-8.430431,50,823.38937
-10.339374,50,824.475691
-13.355913,50,825.636556
-14.007841,50,826.735345
-9.115307,50,827.836789
-14.05386,50,828.872533
-9.384115,50,829.913735
-8.274573,50,830.988485
-9.995835,50,832.039319
-7.076038,50,833.085657
-8.056953,50,834.149017
-8.248057,50,835.218873
-9.792175,50,836.284087
-10.159102,50,837.339126
-13.941139,50,838.38582
-10.356435,50,839.429479
-7.869974,50,840.448856
-9.146792,50,841.471661
-12.84833,50,842.537069
-8.919619,50,843.564463
-11.199206,50,844.61524
-8.384301,50,845.714191
-5.325119,50,846.761919
-7.242073,50,847.809551
-6.66029,50,848.882258
-8.28084,50,849.902163
-6.0246,50,850.987487
-6.860829,50,852.071427
-13.05958,50,853.13608
-6.766787,50,854.401214
-8.499298,50,855.545372
-16.701021,50,856.605427
-12.049738,50,857.683537
-14.744616,50,858.784868
-9.762831,50,859.849776
-11.253408,50,860.958268
-17.639544,50,862.042704
-15.149957,50,863.074812
-8.079619,50,864.140039
-13.87238,50,865.180079
-14.437371,50,866.205551
-7.097275,50,867.221356
-6.295784,50,868.293704
-12.621284,50,869.466659
-11.545566,50,870.745894
-14.228804,50,871.853312
-5.232179,50,873.01065
-7.543089,50,874.123673
-7.682591,50,875.308391
-8.836557,50,876.400886
-5.769096,50,877.540308
-5.861772,50,878.647751
-11.950428,50,879.677369
-8.03934,50,880.742117
-15.832503,50,881.76899
-13.252953,50,882.799238
-13.600999,50,883.825838
-5.504517,50,884.850853
-5.84386,50,885.896008
-10.195552,50,886.94651
-5.26417,50,887.961592
-6.030401,50,888.975946
-14.672436,50,889.991071
-13.68175,50,891.019603
-12.04376,50,892.083271
-15.65588,50,893.106315
-8.020165,50,894.117307
-10.820691,50,895.148399
-7.719397,50,896.167792
-14.754579,50,897.227034
-13.835542,50,898.247579
-9.358277,50,899.271358
-15.017889,50,900.29179
-15.585194,50,901.316345
-7.672048,50,902.353315
-9.650325,50,903.397118
-7.918892,50,904.413612
-12.302175,50,905.42968
-15.741191,50,906.43791
-12.764009,50,907.465532
-7.318594,50,908.509939
-8.421157,50,909.551083
-9.775713,50,910.564845
-7.522585,50,911.599664
-14.586502,50,912.626606
-8.306009,50,913.669323
-14.549649,50,914.693928
-15.558825,50,915.70843
-9.129912,50,916.729275
-10.865219,50,917.743289
-9.713966,50,918.749091
-15.852411,50,919.814244
-7.212064,50,920.832564
-8.111822,50,921.862259
-11.394423,50,922.871432
-9.833292,50,923.886851
-5.906357,50,924.955504
-6.111085,50,925.992162
-12.723756,50,927.003501
-14.573523,50,928.01651
-9.349329,50,929.028388
-9.206565,50,930.081838
-9.99697,50,931.098912
-11.727182,50,932.116207
-10.907579,50,933.136671
-7.555847,50,934.152513
-9.628496,50,935.169933
-12.054245,50,936.250993
-10.941956,50,937.272426
-6.420294,50,938.292624
-12.20687,50,939.307323
-6.780648,50,940.327618
-8.017534,50,941.386245
-16.76693,50,942.428233
-5.671326,50,943.432309
-7.402201,50,944.4527
-7.144604,50,945.472673
-6.665474,50,946.511371
-11.560825,50,947.549979
-14.850074,50,948.577226
-6.132342,50,949.589699
-11.463816,50,950.611715
-16.910109,50,951.623034
-6.029672,50,952.672814
-15.2849,50,953.702883
-13.432299,50,954.724743
-10.278476,50,955.738655
-12.222987,50,956.748971
-14.203178,50,957.798704
-7.447004,50,958.842387
-17.154504,50,959.865477
-6.751107,50,960.875028
-12.61065,50,961.899719
-14.468529,50,962.913386
-6.061796,50,963.973907
-9.449063,50,964.986486
-7.957608,50,966.028879
-8.559523,50,967.043309
-15.340535,50,968.064175
-6.022586,50,969.106674
-19.903282,50,970.154696
-9.680833,50,971.173784
-13.095325,50,972.198231
-11.699315,50,973.205382
-12.664481,50,974.264845
-12.033001,50,975.296635
-6.276867,50,976.319072
-12.106452,50,977.335166
-14.595675,50,978.390085
-11.03517,50,979.414783
-9.351403,50,980.487143
-10.27719,50,981.49771
-13.411931,50,982.522426
-5.015254,50,983.538606
-8.169432,50,984.554198
-8.936264,50,985.609004
-8.872236,50,986.651502
-6.393032,50,987.66501
-13.162663,50,988.695067
-8.246933,50,989.710337
-6.38177,50,990.745068
-9.693598,50,991.791551
-16.171307,50,992.820014
-13.135808,50,993.834022
-9.12124,50,994.866862
-10.44992,50,995.871979
-9.098367,50,996.93803
-15.045327,50,997.963209
-6.940574,50,998.986554
-16.035164,50,999.995266
-14.828335,50,1001.024445
-16.26993,50,1002.101745
-8.033789,50,1003.144534
-11.134613,50,1004.173345
-11.690695,50,1005.191514
-15.076715,50,1006.195195
-9.019795,50,1007.218306
-9.381219,50,1008.286744
-15.811115,50,1009.310647
-10.956026,50,1010.320389
-7.909125,50,1011.360032
-17.175655,50,1012.376993
-8.695057,50,1013.434137
-11.136378,50,1014.453033
-10.029001,50,1015.48427
-9.042265,50,1016.497152
-10.02171,50,1017.527968
-6.384503,50,1018.561981
-8.510074,50,1019.60103
-12.727378,50,1020.632757
-5.491663,50,1021.647222
-8.633435,50,1022.659451
-7.057196,50,1023.686813
-11.593546,50,1024.741328
-9.43022,50,1025.762606
-14.54045,50,1026.806404
-15.567574,50,1027.832975
-9.179323,50,1028.846217
-8.515787,50,1029.908963
-11.674145,50,1030.941615
-7.313711,50,1031.978932
-11.537552,50,1032.986606
-12.669768,50,1034.002522
-7.962502,50,1035.049446
-5.367699,50,1036.105925
-8.716047,50,1037.119522
-18.703386,50,1038.144358
-8.203927,50,1039.158257
-9.178093,50,1040.190539
-11.389379,50,1041.247014
-11.194132,50,1042.270413
-9.231533,50,1043.287245
-8.687732,50,1044.316678
-10.214924,50,1045.340584
-13.059259,50,1046.397821
-15.774666,50,1047.42363
-16.739868,50,1048.474408
-11.903121,50,1049.552024
-9.401401,50,1050.635095
-10.555588,50,1051.729917
-11.46633,50,1052.77811
-6.469146,50,1053.795003
-11.698772,50,1054.818666
-8.19012,50,1055.838171
-12.514492,50,1056.868167
-6.469849,50,1057.944554
-7.499671,50,1058.958117
-5.419177,50,1059.97486
-10.405919,50,1060.994633
-11.401359,50,1062.016015
-10.910639,50,1063.060106
-7.073795,50,1064.095479
-8.597922,50,1065.118286
-6.711682,50,1066.134712
-9.502107,50,1067.152091
-10.986057,50,1068.193875
-6.918693,50,1069.244161
-13.560176,50,1070.254221
-10.739203,50,1071.27483
-7.771026,50,1072.316028
-11.14247,50,1073.355211
-11.762099,50,1074.423671
-6.284545,50,1075.457945
-12.354544,50,1076.480002
-11.686521,50,1077.503564
-13.595505,50,1078.524751
-12.629018,50,1079.584743
-8.43966,50,1080.620895
-8.881256,50,1081.648456
-13.323197,50,1082.660886
-11.869303,50,1083.687451
-7.012936,50,1084.783658
-10.674621,50,1085.887351
-6.987249,50,1086.897853
-8.255212,50,1087.917892
-16.594947,50,1088.944056
-11.70553,50,1089.966032
-13.065218,50,1091.023595
-7.722491,50,1092.042435
-5.303332,50,1093.064704
-12.157957,50,1094.096009
-15.535513,50,1095.122013
-7.003046,50,1096.173744
-9.447795,50,1097.209294
-9.934273,50,1098.227231
-14.943096,50,1099.24686
-13.623751,50,1100.263886
-6.759805,50,1101.285238
-8.778762,50,1102.35017
-7.494112,50,1103.369643
-11.122021,50,1104.388986
-11.610082,50,1105.414797
-8.473463,50,1106.435722
-7.025902,50,1107.49079
-8.145719,50,1108.511791
-10.488516,50,1109.538579
-9.780331,50,1110.56149
-9.499993,50,1111.582097
-9.55581,50,1112.601
-4.569503,50,1113.646704
-7.947614,50,1114.678482
-10.928898,50,1115.69801
-6.451362,50,1116.710927
-9.94734,50,1117.723627
-6.495192,50,1118.783485
-12.956789,50,1119.820644
-11.645969,50,1120.835476
-12.66535,50,1121.872962
-8.125609,50,1122.909852
-15.133279,50,1123.9539
-10.915755,50,1125.005322
-12.487096,50,1126.023276
-6.665045,50,1127.041397
-15.871088,50,1128.061603
-14.133988,50,1129.076166
-17.261062,50,1130.130067
-7.05009,50,1131.166718
-9.172804,50,1132.1948
-4.940061,50,1133.214868
-8.982499,50,1134.233103
-9.682917,50,1135.292007
-6.599165,50,1136.348795
-16.115658,50,1137.364988
-7.404115,50,1138.384011
-7.546857,50,1139.404077
-19.142184,50,1140.428484
-5.922465,50,1141.481198
-13.965161,50,1142.502939
-11.022612,50,1143.528425
-11.313831,50,1144.571478
-10.751494,50,1145.584541
-8.939306,50,1146.648985
-12.598967,50,1147.69415
-7.672832,50,1148.71934
-8.68434,50,1149.727642
-11.685704,50,1150.743687
-10.195893,50,1151.831766
-12.564619,50,1152.870622
-12.68042,50,1153.877412
-7.57648,50,1154.891612
-15.470868,50,1155.913986
-10.259968,50,1156.936368
-5.57568,50,1158.012046
-8.436588,50,1159.036603
-8.583964,50,1160.052953
-6.816745,50,1161.076077
-6.05034,50,1162.079396
-11.995156,50,1163.144616
-7.915063,50,1164.176338
-7.662841,50,1165.206567
-7.356452,50,1166.213489
-7.785923,50,1167.237625
-12.572704,50,1168.287589
-7.467876,50,1169.332323
-8.182029,50,1170.34081
-12.6127,50,1171.372845
-10.823203,50,1172.3914
-7.376506,50,1173.420923
-5.571304,50,1174.486643
-7.776709,50,1175.512541
-6.543667,50,1176.549263
-7.292424,50,1177.571216
-8.176116,50,1178.585646
-11.839863,50,1179.640565
-14.401955,50,1180.67519
-14.188716,50,1181.691431
-12.093973,50,1182.71389
-10.31831,50,1183.73498
-8.264067,50,1184.783292
-9.323225,50,1185.835294
-7.977165,50,1186.847021
-5.88762,50,1187.874529
-8.796426,50,1188.897803
-6.783068,50,1189.922175
-9.678336,50,1190.994962
-6.418508,50,1192.010229
-7.977942,50,1193.040271
-15.249014,50,1194.060145
-12.779771,50,1195.079367
-6.51886,50,1196.172442
-7.871028,50,1197.201327
-10.349851,50,1198.217021
-9.326433,50,1199.236758
-10.467257,50,1200.262345
-10.523237,50,1201.316286
-6.486608,50,1202.358734
-8.410733,50,1203.373699
-10.406611,50,1204.395829
-15.760152,50,1205.432188
-8.60958,50,1206.454446
-8.910608,50,1207.513599
-9.80381,50,1208.532119
-10.683403,50,1209.551199
-13.13474,50,1210.569832
-9.711673,50,1211.587209
-14.519742,50,1212.638252
-6.166194,50,1213.666919
-7.097211,50,1214.684584
-13.923226,50,1215.701757
-14.446179,50,1216.722312
-8.908255,50,1217.771168
-10.785107,50,1218.821004
-6.787884,50,1219.83938
-6.19406,50,1220.855744
-8.609558,50,1221.887866
-9.11849,50,1222.908752
-13.073228,50,1223.973519
-14.837096,50,1225.002678
-9.528591,50,1226.027508
-11.675037,50,1227.059376
-10.23393,50,1228.076222
-10.792211,50,1229.124204
-13.977333,50,1230.159468
-7.025301,50,1231.176217
-14.842149,50,1232.201333
-7.699519,50,1233.236292
-9.445371,50,1234.259195
-10.471574,50,1235.345341
-10.122307,50,1236.362184
-8.622332,50,1237.38569
-6.202884,50,1238.401625
-6.809366,50,1239.41846
-16.810855,50,1240.471811
-7.834342,50,1241.509229
-4.829595,50,1242.526253
-8.006668,50,1243.552199
-14.353399,50,1244.575432
-14.018331,50,1245.618379
-8.412876,50,1246.684318
-14.778089,50,1247.706021
-17.734043,50,1248.721874
-9.845409,50,1249.760962
-9.783346,50,1250.77903
-15.695162,50,1251.848952
-8.870573,50,1252.867858
-17.367657,50,1253.892029
-8.483444,50,1254.912502
-7.25309,50,1255.93832
-8.806469,50,1256.986038
-8.992605,50,1258.018196
-14.999722,50,1259.032909
-9.720108,50,1260.054632
-10.460827,50,1261.077884
-10.038455,50,1262.124563
-16.555502,50,1263.16201
-12.347708,50,1264.195114
-12.805681,50,1265.20238
-15.214099,50,1266.222866
-11.135785,50,1267.235017
-14.746145,50,1268.298913
-13.679261,50,1269.308494
-14.371348,50,1270.340613
-10.364681,50,1271.362832
-12.449233,50,1272.408986
-12.524268,50,1273.451096
-11.359026,50,1274.490407
-7.410319,50,1275.512997
-13.786055,50,1276.536167
-14.881867,50,1277.550839
-8.432302,50,1278.612654
-11.858888,50,1279.700696
-11.725232,50,1280.720074
-10.580288,50,1281.737641
-6.981933,50,1282.753374
-10.016326,50,1283.776285
-14.131322,50,1284.84557
-8.342447,50,1285.872975
-8.374114,50,1286.887788
-8.402503,50,1287.912116
-12.574845,50,1288.931115
-7.336636,50,1289.997922
-9.291475,50,1291.078032
-10.28893,50,1292.10267
-9.965082,50,1293.119733
-7.929733,50,1294.136703
-10.673655,50,1295.174736
-6.431586,50,1296.229267
-14.350232,50,1297.24428
-10.634784,50,1298.274334
-5.457601,50,1299.299998
-8.761329,50,1300.32643
-11.12042,50,1301.38105
-8.531682,50,1302.413056
-14.109196,50,1303.433987
-14.28253,50,1304.466659
-7.530488,50,1305.485184
-8.42923,50,1306.531159
-7.164849,50,1307.582683
-9.824986,50,1308.600472
-7.1483,50,1309.621901
-7.328147,50,1310.637493
-6.556098,50,1311.665393
-9.605564,50,1312.732522
-13.684694,50,1313.756185
-9.204414,50,1314.774526
-6.996091,50,1315.807762
-15.790876,50,1316.836439
-11.298683,50,1317.897182
-12.055435,50,1318.920078
-8.657387,50,1319.942313
-17.585053,50,1320.961187
-6.505062,50,1321.984931
-6.523107,50,1323.02634
-12.017735,50,1324.072654
-7.242559,50,1325.101122
-11.709606,50,1326.1231
-8.100257,50,1327.139205
-10.255564,50,1328.162623
-9.121762,50,1329.222103
-7.872507,50,1330.248196
-10.267032,50,1331.263947
-12.773503,50,1332.299824
-6.626074,50,1333.31793
-7.583746,50,1334.368232
-10.3789,50,1335.411844
-6.719299,50,1336.427877
-12.883667,50,1337.447535
-17.947707,50,1338.464056
-12.889081,50,1339.490248
-7.90429,50,1340.554613
-15.177411,50,1341.573435
-14.414222,50,1342.605767
-7.560325,50,1343.622987
-11.413695,50,1344.648228
-3.802039,50,1345.711159
-8.703392,50,1346.7445
-14.62677,50,1347.755233
-16.117917,50,1348.774237
-11.108631,50,1349.788673
-12.07249,50,1350.833077
-12.146032,50,1351.863586
-10.450766,50,1352.890196
-12.574691,50,1353.908046
-9.144413,50,1354.938832
-9.422272,50,1355.951029
-13.862271,50,1357.02154
-7.548245,50,1358.052231
-7.812552,50,1359.072148
-9.3021,50,1360.08486
-12.748426,50,1361.098339
-13.971673,50,1362.155183
-11.679846,50,1363.193509
-6.772309,50,1364.211399
-8.420817,50,1365.232095
-9.15861,50,1366.259591
-10.320621,50,1367.314107
-8.87063,50,1368.349734
-6.023809,50,1369.369054
-13.266055,50,1370.387251
-11.362385,50,1371.416432
-8.804844,50,1372.424604
-15.613214,50,1373.509647
-13.286832,50,1374.540579
-11.952181,50,1375.568219
-14.620446,50,1376.582217
-10.510939,50,1377.609492
-16.267112,50,1378.661499
-10.677292,50,1379.691814
-8.77072,50,1380.703387
-12.892382,50,1381.724576
-13.215391,50,1382.743068
-14.629534,50,1383.815494
-11.742009,50,1384.846797
-6.609007,50,1385.865363
-7.773852,50,1386.886664
-8.705958,50,1387.921011
-13.676943,50,1388.933874
-6.709798,50,1390.000452
-8.361205,50,1391.040307
-9.869476,50,1392.068229
-15.993721,50,1393.114877
-13.147057,50,1394.145926
-6.915584,50,1395.193876
-12.632811,50,1396.215149
-13.637016,50,1397.232849
-13.105367,50,1398.251848
-7.130662,50,1399.28231
-11.560451,50,1400.317345
-16.237296,50,1401.403981
-12.113191,50,1402.434994
-12.116957,50,1403.459034
-9.406662,50,1404.482853
-12.59272,50,1405.502968
-12.166113,50,1406.552294
-14.124755,50,1407.593461
-13.787643,50,1408.612883
-7.316811,50,1409.635288
-7.050124,50,1410.65579
-9.271796,50,1411.724165
-8.718603,50,1412.764558
-11.102154,50,1413.788074
-14.514962,50,1414.807768
-9.828502,50,1415.835367
-6.697342,50,1416.879731
-5.450712,50,1417.921782
-5.551179,50,1418.944357
-15.919026,50,1419.972522
-4.262839,50,1420.997438
-12.266022,50,1422.012554
-13.926991,50,1423.082231
-7.03665,50,1424.132988
-8.580989,50,1425.151034
-9.145263,50,1426.16557
-9.610839,50,1427.184637
-11.954825,50,1428.24165
-14.258616,50,1429.276255
-17.140319,50,1430.288723
-9.325715,50,1431.306521
-8.440978,50,1432.328886
-14.752337,50,1433.347614
-14.128834,50,1434.413985
-8.96215,50,1435.437102
-10.649726,50,1436.466542
-7.15949,50,1437.480155
-10.775278,50,1438.495237
-12.655946,50,1439.545686
-8.073027,50,1440.577127
-11.048345,50,1441.589774
-9.155722,50,1442.60486
-9.832871,50,1443.624453
-11.995322,50,1444.680538
-18.646868,50,1445.711675
-7.61802,50,1446.734224
-10.926442,50,1447.753611
-5.659621,50,1448.775319
-6.808433,50,1449.805283
-9.501382,50,1450.866759
-17.481862,50,1451.894635
-14.636478,50,1452.914114
-10.39185,50,1454.027196
-11.527342,50,1455.047545
-11.077827,50,1456.115776
-9.025573,50,1457.139603
-12.943794,50,1458.166592
-9.943821,50,1459.183426
-12.038619,50,1460.206729
-11.196863,50,1461.245496
-9.516476,50,1462.283459
-13.194071,50,1463.297028
-7.920591,50,1464.323084
-13.906188,50,1465.343543
-12.99074,50,1466.369849
-6.702156,50,1467.462225
-13.218483,50,1468.476881
-9.68576,50,1469.497486
-7.641814,50,1470.519472
-6.377476,50,1471.534475
-13.272326,50,1472.620779
-9.090166,50,1473.654165
-11.144532,50,1474.689315
-14.010211,50,1475.699216
-10.55093,50,1476.724741
-13.785092,50,1477.780724
-12.309977,50,1478.82375
-12.132734,50,1479.841963
-3.803321,50,1480.863219
-11.212771,50,1481.891628
-5.589233,50,1482.91474
-20.214199,50,1483.982662
-11.116674,50,1485.014879
-6.559567,50,1486.043329
-17.220638,50,1487.071706
-11.183024,50,1488.089572
-8.888613,50,1489.15121
-9.524918,50,1490.179649
-12.920829,50,1491.213379
-8.655594,50,1492.225133
-13.604743,50,1493.243996
-9.54388,50,1494.289174
-6.863866,50,1495.36204
-7.256056,50,1496.379466
-12.89931,50,1497.403596
-10.720135,50,1498.427374
-7.920374,50,1499.441424
-9.906262,50,1500.499046
-13.009787,50,1501.520731
-10.104056,50,1502.543077
-7.750969,50,1503.560889
-15.960787,50,1504.573141
-9.966817,50,1505.623631
-8.785756,50,1506.657421
-10.434868,50,1507.671753
-8.563466,50,1508.683181
-5.957221,50,1509.700679
-9.164746,50,1510.754847
-8.628429,50,1511.802129
-6.862239,50,1512.842373
-10.66501,50,1513.852866
-15.912277,50,1514.880349
-16.000564,50,1515.906029
-6.464349,50,1516.958289
-14.824008,50,1517.990311
-7.894469,50,1519.013282
-11.740135,50,1520.043829
-8.919664,50,1521.059331
-12.49824,50,1522.10058
-9.404505,50,1523.142655
-13.705326,50,1524.163579
-13.403158,50,1525.18256
-11.004556,50,1526.209807
-9.498468,50,1527.249904
-6.405846,50,1528.30833
-15.1709,50,1529.330257
-9.028228,50,1530.345042
-12.55992,50,1531.367403
-7.493537,50,1532.383888
-8.370552,50,1533.431741
-10.519347,50,1534.467148
-7.59973,50,1535.486927
-11.440136,50,1536.523808
-12.403829,50,1537.536201
-6.889823,50,1538.586817
-6.441272,50,1539.642694
-7.163716,50,1540.660786
-8.69208,50,1541.667471
-6.876069,50,1542.682787
-8.231431,50,1543.710394
-6.779993,50,1544.765815
-12.009717,50,1545.791575
-13.894108,50,1546.829305
-8.128034,50,1547.856048
-14.350213,50,1548.875163
-15.228036,50,1549.921958
-6.736018,50,1550.953716
-8.069145,50,1551.98887
-9.570961,50,1553.012086
-13.008011,50,1554.025748
-13.547112,50,1555.039595
-10.687789,50,1556.121427
-9.269041,50,1557.13274
-10.476409,50,1558.15078
-10.275969,50,1559.170055
-8.158047,50,1560.192021
-10.19453,50,1561.253621
-6.086171,50,1562.282614
-9.966774,50,1563.309706
-8.305011,50,1564.333421
-13.143474,50,1565.360079
-12.6586,50,1566.408042
-8.741719,50,1567.460465
-13.244577,50,1568.48514
-11.276076,50,1569.512104
-11.392687,50,1570.534769
-16.066806,50,1571.551321
-10.277842,50,1572.632498
-7.323051,50,1573.659013
-10.135965,50,1574.671023
-8.071638,50,1575.695493
-15.498763,50,1576.710995
-14.637073,50,1577.787962
-11.835253,50,1578.882477
-9.982542,50,1579.928402
-11.405497,50,1580.977544
-6.920336,50,1582.011518
-7.471197,50,1583.065927
-9.976166,50,1584.120498
-13.530978,50,1585.146812
-10.224508,50,1586.194197
-10.014567,50,1587.214922
-7.787302,50,1588.272681
-12.290063,50,1589.401954
-9.174992,50,1590.447833
-6.873721,50,1591.465133
-9.139255,50,1592.498661
-10.939717,50,1593.546216
-8.668994,50,1594.664942
-11.906826,50,1595.688753
-9.658698,50,1596.72736
-8.224318,50,1597.823125
-7.615807,50,1598.938272
-10.341289,50,1600.028153
-13.461694,50,1601.085306
-8.882692,50,1602.206493
-12.042721,50,1603.290519
-8.98353,50,1604.358897
-13.080809,50,1605.496562
-13.147754,50,1606.52911
-15.674346,50,1607.571918
-11.054934,50,1608.635666
-13.42591,50,1609.714439
-11.966724,50,1610.797186
-13.398998,50,1611.813041
-7.948518,50,1612.906009
-12.813572,50,1613.955126
-17.793399,50,1614.984115
-7.930549,50,1616.04378
-9.0638,50,1617.113801
-10.200081,50,1618.130288
-12.611076,50,1619.168513
-13.468145,50,1620.189214
-7.637059,50,1621.210792
-9.658298,50,1622.279865
-7.711826,50,1623.315485
-12.150495,50,1624.336919
-11.88065,50,1625.348266
-9.626065,50,1626.357695
-6.223793,50,1627.406248
-10.684951,50,1628.433143
-9.27173,50,1629.452981
-18.712482,50,1630.466308
-8.211229,50,1631.491417
-6.557106,50,1632.533534
-8.719003,50,1633.605209
-8.698883,50,1634.614196
-11.620048,50,1635.647378
-12.26439,50,1636.664567
-15.52785,50,1637.690874
-10.777665,50,1638.73654
-11.254914,50,1639.773641
-9.242489,50,1640.781362
-14.630655,50,1641.800251
-6.614099,50,1642.814901
-6.536674,50,1643.865339
-8.308755,50,1644.886208
-11.041856,50,1645.903829
-9.940449,50,1646.912975
-7.876768,50,1647.942864
-11.520379,50,1648.97092
-9.580935,50,1650.122297
-8.690672,50,1651.139284
-9.089812,50,1652.158813
-7.882737,50,1653.169686
-12.534003,50,1654.195772
-14.512999,50,1655.242896
-10.940469,50,1656.273345
-12.088015,50,1657.291528
-9.379859,50,1658.313895
-6.293007,50,1659.328503
-10.637369,50,1660.378684
-8.817966,50,1661.399298
-9.927514,50,1662.417672
-13.345835,50,1663.42957
-8.286653,50,1664.464874
-18.308859,50,1665.481045
-6.484708,50,1666.534499
-7.017153,50,1667.544557
-9.791967,50,1668.571892
-8.181532,50,1669.579847
-8.986978,50,1670.608999
-8.387692,50,1671.651634
-6.547405,50,1672.679512
-14.840081,50,1673.692096
-12.667415,50,1674.714143
-11.926198,50,1675.725003
-6.531231,50,1676.784045
-13.009044,50,1677.805176
-7.799333,50,1678.822801
-6.600893,50,1679.843801
-14.718934,50,1680.868437
-12.399253,50,1681.879048
-11.802582,50,1682.93798
-6.739085,50,1683.951426
-5.307971,50,1684.97998
-7.547544,50,1685.99521
-11.657585,50,1687.019788
-11.254164,50,1688.135131
-12.933071,50,1689.172616
-10.436774,50,1690.186655
-5.824362,50,1691.203829
-7.806225,50,1692.222941
-5.707885,50,1693.287272
-9.630591,50,1694.310588
-8.11726,50,1695.338931
-6.986077,50,1696.348245
-7.853965,50,1697.382957
-14.516894,50,1698.390311
-6.767544,50,1699.443117
-6.329093,50,1700.461932
-5.43992,50,1701.481342
-14.962917,50,1702.495187
-12.985924,50,1703.516279
-7.290925,50,1704.557822
-10.918563,50,1705.613734
-9.106969,50,1706.635995
-7.676661,50,1707.662029
-14.628075,50,1708.666533
-12.394869,50,1709.697466
-7.398287,50,1710.749254
-11.049806,50,1711.781928
-13.585855,50,1712.789072
-5.052545,50,1713.845554
-10.340687,50,1714.866631
-13.442076,50,1715.913306
-16.206897,50,1716.933444
-15.71917,50,1717.968889
-13.115429,50,1718.978317
-7.743559,50,1719.996842
-8.087867,50,1721.006959
-7.508949,50,1722.076971
-9.224002,50,1723.084482
-8.720168,50,1724.097769
-8.582094,50,1725.110693
-10.441698,50,1726.136685
-10.839817,50,1727.194303
-8.412391,50,1728.224401
-9.798249,50,1729.242384
-14.086705,50,1730.267982
-16.032243,50,1731.29032
-10.243051,50,1732.349896
-5.874379,50,1733.375565
-3.745661,50,1734.403125
-7.622404,50,1735.412891
-12.391865,50,1736.451287
-9.724273,50,1737.483223
-12.033669,50,1738.554877
-10.731738,50,1739.571485
-16.661489,50,1740.597973
-14.897531,50,1741.620055
-7.748353,50,1742.6494
-9.445079,50,1743.700169
-7.936375,50,1744.739715
-9.518266,50,1745.75553
-11.201312,50,1746.801601
-7.488409,50,1747.812883
-10.015166,50,1748.867793
-17.372673,50,1749.896019
-10.007639,50,1750.924742
-8.231984,50,1751.949261
-14.284516,50,1752.972029
-12.473879,50,1754.029104
-7.937283,50,1755.096685
-8.165794,50,1756.116715
-9.537129,50,1757.13537
-16.610848,50,1758.145451
-10.18004,50,1759.163019
-4.637661,50,1760.217715
-8.357381,50,1761.251751
-15.432046,50,1762.268553
-9.806103,50,1763.296487
-13.523123,50,1764.316813
-7.729761,50,1765.355776
-12.177598,50,1766.392012
-13.534241,50,1767.430708
-15.122903,50,1768.437685
-4.753269,50,1769.461699
-11.76794,50,1770.484339
-9.278988,50,1771.55348
-11.234372,50,1772.562205
-7.758922,50,1773.573025
-16.466233,50,1774.592413
-12.404436,50,1775.61592
-8.74851,50,1776.655714
-12.897142,50,1777.664877
-7.062206,50,1778.679271
-13.998097,50,1779.690995
-12.663722,50,1780.707771
-6.326004,50,1781.731491
-11.808316,50,1782.771917
-15.558964,50,1783.80009
-11.523694,50,1784.815603
-6.881356,50,1785.837027
-6.722219,50,1786.866659
-5.49012,50,1787.929593
-16.173093,50,1788.963677
-6.232782,50,1789.97742
-12.112437,50,1790.999408
-6.622674,50,1792.015977
-11.755658,50,1793.065866
-9.305892,50,1794.09077
-15.083323,50,1795.110576
-10.115082,50,1796.133468
-17.668962,50,1797.155551
-12.838531,50,1798.175984
-8.418514,50,1799.228664
-11.268531,50,1800.242693
-7.318685,50,1801.259889
-12.594613,50,1802.266155
-14.248186,50,1803.297143
-6.519473,50,1804.387346
-8.186652,50,1805.426349
-12.785105,50,1806.435796
-14.635751,50,1807.453335
-10.872519,50,1808.487824
-14.298566,50,1809.556954
-7.944659,50,1810.614809
-15.10737,50,1811.631377
-12.676601,50,1812.6593
-14.606161,50,1813.685375
-6.782039,50,1814.71119
-7.597848,50,1815.796714
-10.948811,50,1816.826201
-14.379771,50,1817.845503
-6.120607,50,1818.8611
-8.761607,50,1819.876339
-6.283896,50,1820.932142
-16.003406,50,1821.976431
-14.634466,50,1822.985557
-11.644157,50,1823.999105
-18.430133,50,1825.029545
-11.285181,50,1826.072478
-17.877481,50,1827.143747
-11.612262,50,1828.160061
-7.528574,50,1829.182551
-11.842743,50,1830.210009
-6.228313,50,1831.226085
-11.158058,50,1832.288033
-8.09179,50,1833.311421
-14.132512,50,1834.337073
-13.294314,50,1835.34455
-6.736598,50,1836.363369
-11.970251,50,1837.409199
-12.541026,50,1838.466145
-9.42481,50,1839.493976
-8.465675,50,1840.512286
-12.903833,50,1841.532039
-7.151628,50,1842.563076
-11.911992,50,1843.615997
-6.07999,50,1844.636229
-12.023799,50,1845.660993
-7.019096,50,1846.684119
-12.006607,50,1847.689749
-6.660596,50,1848.753699
-11.426136,50,1849.771446
-12.745435,50,1850.786052
-13.587881,50,1851.791006
-5.666792,50,1852.803314
-11.501656,50,1853.840617
-11.868108,50,1854.88002
-12.338528,50,1855.895983
-6.512395,50,1856.922356
-10.895801,50,1857.935519
-8.594774,50,1858.958689
-8.496517,50,1860.006734
-11.839123,50,1861.029669
-7.513298,50,1862.042045
-12.614738,50,1863.053308
-14.525214,50,1864.066872
-10.060632,50,1865.123582
-10.994207,50,1866.141032
-8.785608,50,1867.158714
-7.020083,50,1868.173356
-11.430141,50,1869.186316
-5.780792,50,1870.224658
-7.466857,50,1871.258496
-10.725931,50,1872.282359
-9.121516,50,1873.298797
-7.3214,50,1874.344516
-7.484581,50,1875.358738
-12.817804,50,1876.429313
-9.589151,50,1877.473634
-7.270618,50,1878.499578
-5.864663,50,1879.531428
-13.025338,50,1880.547151
-13.954522,50,1881.655481
-12.885983,50,1882.676961
-16.40822,50,1883.703942
-14.286179,50,1884.718582
-9.30176,50,1885.741083
-12.67808,50,1886.77626
-12.232463,50,1887.815772
-7.666684,50,1888.835851
-6.388196,50,1889.855683
-14.481418,50,1890.866087
-12.852462,50,1891.884126
-13.854417,50,1892.924958
-12.767314,50,1893.944427
-11.756226,50,1894.966617
-10.487841,50,1895.988045
-6.85229,50,1897.005771
-9.417463,50,1898.069573
-6.386924,50,1899.110066
-16.061298,50,1900.137904
-8.248977,50,1901.160702
-9.269132,50,1902.191281
-12.460814,50,1903.214836
-8.33051,50,1904.275999
-7.475801,50,1905.28358
-9.41916,50,1906.296321
-6.877945,50,1907.324425
-10.92536,50,1908.351721
-9.485072,50,1909.397854
-12.694532,50,1910.413773
-13.966435,50,1911.450182
-13.450939,50,1912.470633
-11.349152,50,1913.486731
-9.023787,50,1914.539902
-12.259386,50,1915.573533
-9.604646,50,1916.5847
-9.229857,50,1917.608686
-8.448458,50,1918.628955
-8.797164,50,1919.646988
-8.593837,50,1920.703023
-12.947802,50,1921.713579
-12.187181,50,1922.726709
-7.397053,50,1923.752795
-12.623297,50,1924.776161
-14.381186,50,1925.835922
-13.919274,50,1926.862992
-10.18553,50,1927.882074
-11.221823,50,1928.898767
-8.706945,50,1929.907698
-13.18615,50,1930.925422
-12.433861,50,1931.984375
-6.486044,50,1933.005849
-13.774968,50,1934.023327
-8.622397,50,1935.03895
-8.762707,50,1936.061393
-11.193775,50,1937.110874
-7.437579,50,1938.140698
-10.977315,50,1939.155752
-11.819292,50,1940.178362
-12.017217,50,1941.194547
-11.73294,50,1942.201385
-9.052254,50,1943.278204
-11.445323,50,1944.290867
-10.864961,50,1945.312754
-9.662286,50,1946.321697
-10.729758,50,1947.34627
-11.539658,50,1948.408296
-12.416408,50,1949.433567
-8.781586,50,1950.451755
-9.111031,50,1951.474793
-7.685184,50,1952.497796
-14.992293,50,1953.548892
-7.705361,50,1954.571793
-14.922084,50,1955.598903
-9.51594,50,1956.619606
-9.469001,50,1957.647198
-12.398518,50,1958.66796
-9.79227,50,1959.735721
-10.839477,50,1960.756879
-11.880261,50,1961.785764
-14.78633,50,1962.809555
-9.595491,50,1963.833693
-13.262332,50,1964.880519
-11.909133,50,1965.901137
-15.069395,50,1966.920437
-8.756297,50,1967.935467
-14.237451,50,1968.950435
-13.197761,50,1969.998465
-7.10578,50,1971.026194
-13.025761,50,1972.050349
-13.749242,50,1973.063233
-7.804535,50,1974.080405
-8.549761,50,1975.090854
-11.167156,50,1976.147412
-10.354751,50,1977.185921
-9.726247,50,1978.210948
-7.375176,50,1979.222802
-8.559344,50,1980.244772
-15.801416,50,1981.296561
-9.344915,50,1982.328825
-5.864438,50,1983.337772
-8.480233,50,1984.364157
-13.436069,50,1985.374973
-11.259922,50,1986.408236
-10.782319,50,1987.569174
-9.323023,50,1988.592442
-9.306243,50,1989.61017
-11.061578,50,1990.639523
-7.365755,50,1991.65115
-10.677721,50,1992.699908
-8.76002,50,1993.721528
-13.042267,50,1994.77421
-12.198709,50,1995.780567
-9.973771,50,1996.806075
-11.916603,50,1997.8576
-14.595165,50,1998.885017
-12.868057,50,1999.902709
-9.674193,50,2000.93088
-8.679328,50,2001.948027
-15.911177,50,2002.965882
-8.458797,50,2004.011325
-13.841606,50,2005.035769
-10.562513,50,2006.051805
-10.482074,50,2007.077234
-10.896265,50,2008.104807
-11.488287,50,2009.170974
-6.516684,50,2010.201144
-5.956794,50,2011.23335
-11.256652,50,2012.24685
-14.360778,50,2013.269418
-10.54492,50,2014.431851
-10.126662,50,2015.461479
-9.837827,50,2016.475273
-10.350104,50,2017.489488
-8.182163,50,2018.504311
-13.867671,50,2019.53083
-9.258555,50,2020.568309
-8.239072,50,2021.584418
-10.353524,50,2022.608
-10.247194,50,2023.624679
-9.427926,50,2024.635468
-13.318036,50,2025.691245
-13.986737,50,2026.71523
-14.944257,50,2027.732682
-13.917784,50,2028.748501
-7.310073,50,2029.765985
-6.960373,50,2030.782921
-12.605053,50,2031.842828
-12.412352,50,2032.847615
-14.196119,50,2033.865808
-9.258353,50,2034.882552
-10.77733,50,2035.9102
-7.917643,50,2036.95879
-6.631968,50,2037.984571
-12.055557,50,2038.998366
-9.754541,50,2040.021273
-8.282026,50,2041.038016
-13.210763,50,2042.082327
-7.737856,50,2043.11111
-15.057196,50,2044.131217
-7.561786,50,2045.156251
-14.46714,50,2046.17559
-9.035652,50,2047.200885
-12.381609,50,2048.270956
-7.570568,50,2049.284397
-13.031766,50,2050.304831
-15.820557,50,2051.323224
-12.478511,50,2052.34217
-9.427743,50,2053.378954
-10.58168,50,2054.409503
-10.575945,50,2055.426426
-11.887016,50,2056.449365
-10.995229,50,2057.46326
-10.337301,50,2058.583064
