#{"t_start": 1777454935.6719968, "env_id": "Reacher-v5"}
r,l,t
-48.654945,50,1.772379
-40.154008,50,1.859498
-43.369774,50,1.954017
-47.621556,50,2.042628
-31.35578,50,2.138678
-43.374353,50,2.230349
-41.288433,50,2.312073
-42.639616,50,2.398711
-43.965853,50,2.490097
-40.466298,50,2.574986
-45.935351,50,2.659748
-41.798608,50,2.743471
-46.926494,50,2.83379
-39.206213,50,2.919697
-38.879336,50,3.008718
-40.491389,50,3.096134
-39.042564,50,3.188859
-47.195964,50,3.274982
-39.479608,50,3.361619
-39.478748,50,3.448718
-47.254487,50,7.651259
-43.093121,50,11.753551
-47.698851,50,15.77782
-41.556834,50,19.952481
-50.927192,50,24.270949
-39.239104,50,28.674022
-39.903187,50,33.22818
-42.122875,50,37.705166
-37.659986,50,42.330771
-38.25574,50,47.004528
-37.751169,50,51.983622
-36.586997,50,57.059366
-32.557858,50,62.077596
-31.305439,50,66.939663
-29.666468,50,71.818432
-37.095776,50,76.691208
-39.287721,50,81.564892
-31.527799,50,86.316069
-36.928483,50,90.948724
-35.227968,50,95.574203
-33.658459,50,100.384923
-29.165667,50,105.108195
-32.298762,50,109.998451
-32.575599,50,114.906235
-31.240838,50,120.529919
-27.105307,50,125.44047
-25.337416,50,130.337057
-32.886146,50,135.123838
-31.445099,50,140.165578
-34.907617,50,145.345686
-30.767436,50,150.516595
-29.249291,50,155.317934
-37.193669,50,160.219005
-35.890542,50,164.932345
-29.773728,50,169.972118
-31.803708,50,174.899067
-30.382427,50,180.536296
-29.259561,50,185.682516
-31.890346,50,190.650909
-34.388059,50,195.419365
-26.274301,50,200.325889
-28.070667,50,205.282068
-26.750911,50,210.290651
-30.413327,50,215.121941
-34.540287,50,220.098201
-29.882885,50,224.933879
-32.551249,50,229.885417
-27.955105,50,235.038237
-27.830465,50,240.133084
-33.879763,50,244.965956
-32.259054,50,249.84771
-27.79224,50,254.960609
-36.267479,50,260.135837
-26.958236,50,265.018558
-37.95242,50,270.013176
-30.130697,50,275.047746
-33.931881,50,280.039715
-32.953012,50,284.938152
-24.683893,50,290.165397
-23.680096,50,295.159415
-29.455773,50,300.16987
-24.371428,50,305.10165
-24.746468,50,310.194549
-31.22475,50,315.211684
-21.495534,50,320.410389
-30.354247,50,325.535424
-27.524583,50,330.342341
-26.437331,50,335.215675
-26.024449,50,340.252251
-22.13214,50,345.10529
-27.04983,50,350.055433
-27.55682,50,354.995733
-25.730518,50,360.605258
-18.739334,50,365.577301
-20.441782,50,370.422426
-23.015052,50,375.199972
-24.065531,50,380.137663
-21.588123,50,385.04707
-33.401443,50,390.280493
-27.08918,50,395.294105
-21.872252,50,400.330962
-25.334025,50,405.320868
-23.030172,50,410.339126
-22.276016,50,415.456858
-25.69762,50,420.680347
-17.142785,50,425.549148
-19.932112,50,430.358668
-24.026328,50,435.175653
-18.093201,50,440.258617
-17.618216,50,445.132034
-21.366826,50,450.48995
-30.338553,50,455.533432
-18.739778,50,460.870215
-26.965876,50,465.752519
-27.289674,50,470.944626
-19.895142,50,476.047278
-17.847236,50,481.280909
-20.792316,50,486.096689
-22.972068,50,491.092904
-24.919154,50,495.879571
-22.860678,50,500.793259
-18.749403,50,505.731275
-21.148138,50,510.616913
-18.00904,50,515.465805
-18.279224,50,520.33717
-16.510534,50,525.494609
-20.605368,50,530.676865
-25.333182,50,536.219373
-21.141783,50,541.136224
-19.279177,50,546.329637
-17.473325,50,551.191723
-16.055393,50,556.025207
-18.087302,50,561.836222
-17.328421,50,566.724406
-20.04483,50,571.541004
-23.666013,50,576.378157
-21.503129,50,581.29647
-22.194214,50,586.066608
-22.206652,50,591.920715
-23.793691,50,598.21279
-17.426244,50,604.960004
-18.334037,50,611.460623
-18.477903,50,616.853826
-19.18558,50,622.554762
-18.134694,50,628.354233
-21.967354,50,634.376052
-22.140587,50,640.172283
-14.580104,50,645.833679
-17.50948,50,651.093013
-15.563368,50,656.426906
-17.143132,50,661.980105
-21.839116,50,667.597257
-13.48181,50,672.901649
-16.325388,50,678.049462
-18.966503,50,683.610085
-18.622095,50,689.071837
-15.923769,50,694.247933
-15.669936,50,699.094077
-15.851731,50,703.940384
-13.625544,50,709.001941
-16.07086,50,713.978543
-17.083707,50,719.374131
-18.608472,50,724.412909
-13.461017,50,729.550629
-20.736254,50,734.906807
-17.976906,50,739.970225
-15.448801,50,744.879691
-21.66683,50,750.130551
-16.297725,50,755.35704
-19.228351,50,760.401587
-19.521625,50,765.304445
-13.362603,50,770.245566
-16.352276,50,775.34039
-12.12461,50,780.784413
-15.651327,50,785.720234
-16.361788,50,790.655003
-23.036082,50,795.684796
-13.284856,50,801.079199
-15.282618,50,806.012995
-15.165566,50,810.946933
-17.63824,50,815.727339
-15.244543,50,820.721013
-18.336769,50,825.739702
-11.439724,50,830.678361
-20.299969,50,835.978328
-13.902301,50,840.843426
-12.040403,50,845.708117
-13.968691,50,850.485396
-9.237502,50,855.381105
-9.586046,50,860.484992
-19.30236,50,865.627146
-11.493464,50,870.811452
-15.433748,50,875.856719
-11.092466,50,880.834548
-8.414858,50,885.727047
-13.610549,50,890.646679
-15.800126,50,895.5858
-13.193601,50,900.443157
-10.845994,50,905.696902
-15.827638,50,910.745414
-16.689758,50,915.73576
-12.130716,50,920.614779
-20.202647,50,925.489223
-16.189556,50,930.497664
-20.21931,50,935.665648
-5.835975,50,940.674902
-10.840029,50,945.559022
-17.977048,50,950.531483
-14.947677,50,955.560893
-13.295593,50,960.850682
-12.926432,50,965.741323
-12.011225,50,970.642563
-18.308246,50,975.525903
-10.130061,50,980.38696
-8.968917,50,985.243845
-18.86744,50,990.141325
-9.644548,50,995.097832
-19.902773,50,1000.166002
-16.316352,50,1005.249136
-6.842321,50,1010.33065
-17.091117,50,1015.32791
-9.456493,50,1020.662096
-6.947679,50,1025.512336
-13.837746,50,1030.375304
-10.742988,50,1035.204874
-12.475315,50,1040.015223
-16.610551,50,1045.046856
-13.026453,50,1050.977906
-17.67598,50,1056.375801
-17.315273,50,1061.349223
-11.554129,50,1066.46575
-20.715657,50,1071.941544
-17.055419,50,1077.353698
-11.614456,50,1082.469988
-11.231827,50,1087.519929
-18.54301,50,1092.541866
-17.475093,50,1097.441406
-12.334168,50,1102.354478
-14.983068,50,1107.31492
-12.880064,50,1112.190429
-19.45025,50,1117.127695
-15.466459,50,1122.049695
-12.690401,50,1127.073909
-7.817975,50,1132.550301
-13.751312,50,1138.078395
-10.03265,50,1143.294945
-9.365307,50,1148.490616
-12.890879,50,1153.407161
-11.034803,50,1158.396684
-13.015671,50,1163.234501
-8.0889,50,1168.080087
-15.78271,50,1172.984644
-15.675469,50,1177.841047
-11.601249,50,1182.724886
-10.164696,50,1187.758304
-17.27516,50,1193.199563
-9.722649,50,1198.162204
-9.017713,50,1203.067625
-6.490604,50,1208.26545
-11.329486,50,1213.267526
-8.413002,50,1218.360741
-11.914402,50,1223.216457
-15.3348,50,1228.047228
-11.73599,50,1232.908752
-13.762156,50,1237.699236
-17.06438,50,1242.522268
-12.184323,50,1247.367874
-18.766173,50,1252.397344
-19.671966,50,1257.714478
-13.114867,50,1262.80037
-13.259096,50,1267.669057
-17.393762,50,1272.733464
-11.803722,50,1278.002286
-12.720363,50,1282.978289
-18.159774,50,1287.86026
-9.725119,50,1292.747267
-10.079316,50,1297.762233
-13.107746,50,1302.745097
-11.096668,50,1307.645914
-14.536985,50,1312.653787
-12.807286,50,1317.846237
-12.017105,50,1323.04859
-10.432292,50,1328.18064
-12.543948,50,1333.090194
-11.26055,50,1338.097332
-11.344459,50,1343.453274
-9.566757,50,1348.49745
-9.317505,50,1354.530866
-12.949345,50,1360.174001
-19.780934,50,1365.157192
-15.522669,50,1370.053344
-8.397431,50,1375.039547
-9.420787,50,1380.665871
-13.427434,50,1385.569851
-8.597481,50,1390.560238
-13.75604,50,1395.54782
-16.029999,50,1400.607977
-12.185617,50,1405.581604
-10.357773,50,1410.827661
-14.108242,50,1415.833349
-16.538712,50,1420.776812
-11.41566,50,1425.734656
-8.192869,50,1430.858571
-10.273965,50,1436.076066
-14.728286,50,1441.03898
-10.183102,50,1446.008597
-10.637479,50,1450.927614
-9.701621,50,1456.020097
-14.026547,50,1461.145599
-14.349352,50,1466.137081
-11.303177,50,1470.98022
-14.490904,50,1476.091624
-18.611812,50,1481.340408
-11.105875,50,1486.30332
-13.945084,50,1491.800837
-6.917641,50,1496.777756
-11.302842,50,1501.797573
-8.922038,50,1507.000989
-5.12024,50,1511.924884
-10.978819,50,1516.816339
-13.704413,50,1521.824296
-7.977901,50,1526.763405
-10.697586,50,1531.716192
-9.722292,50,1536.560523
-14.904466,50,1541.918885
-13.652123,50,1547.181096
-8.86857,50,1552.238814
-9.051588,50,1557.499528
-15.386914,50,1562.552752
-11.582182,50,1567.459801
-10.531061,50,1572.348281
-11.808945,50,1577.212667
-9.700037,50,1582.202271
-12.757564,50,1587.259687
-12.755607,50,1592.275996
-15.011861,50,1597.184531
-10.812546,50,1602.034087
-12.320833,50,1606.926429
-16.46307,50,1612.245756
-13.840806,50,1617.617103
-8.73404,50,1622.663698
-9.100943,50,1627.576834
-8.402072,50,1632.413787
-11.924941,50,1637.251595
-14.283815,50,1642.26187
-11.398913,50,1647.221781
-9.613249,50,1652.263981
-11.029341,50,1657.269189
-11.909779,50,1662.266253
-7.676067,50,1667.167846
-15.288988,50,1672.114724
-11.072291,50,1677.395852
-11.305528,50,1682.827603
-10.267763,50,1687.759723
-12.186111,50,1692.627935
-8.561352,50,1697.518413
-10.240921,50,1702.4963
-14.129973,50,1707.392012
-15.399438,50,1712.212396
-17.832612,50,1717.082837
-9.573361,50,1722.460212
-4.918701,50,1727.479209
-17.84141,50,1732.654559
-12.67295,50,1737.860312
-13.739801,50,1742.847972
-5.458482,50,1747.996344
-12.60233,50,1753.062041
-8.959624,50,1757.892457
-11.558808,50,1762.906919
-11.627016,50,1767.780343
-13.962309,50,1772.771747
-16.542268,50,1777.537319
-12.254994,50,1782.479481
-9.426597,50,1787.634021
-9.143318,50,1792.756526
-13.498431,50,1797.635974
-12.304783,50,1802.685121
-12.704627,50,1807.642788
-10.461036,50,1812.629678
-8.975464,50,1817.828202
-13.581107,50,1822.844065
-5.320076,50,1827.767775
-8.167126,50,1832.639998
-9.773139,50,1837.547038
-8.885908,50,1842.505367
-14.620262,50,1847.43713
-14.390911,50,1852.858927
-13.521673,50,1858.023099
-13.328715,50,1863.189697
-15.157262,50,1868.148529
-11.490422,50,1872.977458
-10.588115,50,1877.834694
-16.388692,50,1882.961213
-12.197839,50,1888.079744
-10.669484,50,1892.892524
-9.650989,50,1897.647486
-10.776061,50,1902.632428
-11.182194,50,1907.814378
-10.776163,50,1912.857772
-9.151949,50,1918.407852
-14.876458,50,1923.464858
-9.812783,50,1928.402667
-9.17689,50,1933.3076
-13.941628,50,1938.257571
-15.456435,50,1943.273743
-12.321286,50,1948.197947
-8.35808,50,1953.487103
-11.160557,50,1958.46907
-4.928142,50,1963.416801
-14.001966,50,1968.361075
-11.317159,50,1973.262668
-17.061153,50,1978.430184
-14.907291,50,1983.825289
-10.7785,50,1989.064791
-19.444038,50,1994.418983
-11.293797,50,1999.77106
-13.882723,50,2004.792566
-14.959362,50,2009.648467
-8.35989,50,2014.583777
-13.875492,50,2019.800492
-12.315614,50,2024.900889
-14.776063,50,2030.004568
-13.355266,50,2035.730984
-13.905612,50,2040.832599
-12.4394,50,2045.956451
-10.618921,50,2051.084161
-10.233273,50,2056.095301
-9.394336,50,2061.080442
-12.252741,50,2066.20252
-14.30428,50,2071.202333
-10.107648,50,2076.22836
-11.884742,50,2081.318119
-6.671526,50,2086.943708
-12.161293,50,2092.37228
-10.195481,50,2097.567872
-9.886689,50,2102.627218
-8.024162,50,2108.184093
-11.423248,50,2113.533969
-5.260515,50,2118.667303
-12.174888,50,2123.627675
-9.816027,50,2128.769227
-8.278785,50,2133.76149
-10.309901,50,2138.798286
-15.415013,50,2143.890589
-18.156901,50,2149.148742
-16.994946,50,2154.43196
-9.842458,50,2160.421772
-13.749072,50,2165.402761
-9.317954,50,2170.46364
-15.838114,50,2175.4675
-5.572527,50,2180.692324
-7.879007,50,2185.800985
-12.231652,50,2190.878045
-10.933852,50,2195.908381
-9.539972,50,2200.723689
-7.440661,50,2205.580387
-15.973134,50,2210.782468
-11.212551,50,2215.766885
-6.529712,50,2220.962359
-8.856621,50,2226.090659
-12.390355,50,2231.158414
-14.672039,50,2236.075341
-10.793987,50,2240.986145
-10.493068,50,2246.069394
-13.434909,50,2251.158083
-9.919168,50,2256.056849
-15.251194,50,2260.836195
-9.393696,50,2265.796316
-7.50241,50,2271.381424
-18.903227,50,2276.687628
-13.442303,50,2281.65359
-10.096463,50,2286.560047
-9.432067,50,2291.779243
-13.694369,50,2296.754461
-9.838073,50,2301.579711
-14.173672,50,2306.436687
-9.942668,50,2311.386916
-11.405874,50,2316.371193
-11.913328,50,2321.205303
-8.303513,50,2326.024374
-12.650356,50,2331.028691
-8.505333,50,2336.315711
-8.820423,50,2341.19024
-15.329708,50,2346.013307
-11.573815,50,2350.925268
-10.016984,50,2355.782463
-13.929191,50,2361.079534
-15.166529,50,2366.02788
-9.728518,50,2370.875258
-13.275227,50,2375.620275
-11.619034,50,2380.572451
-12.96542,50,2385.523933
-11.894441,50,2390.801643
-10.181428,50,2395.852907
-14.602132,50,2400.653896
-16.002618,50,2405.4543
-8.455684,50,2410.357043
-9.253504,50,2415.190838
-11.32372,50,2420.371028
-14.986059,50,2425.37129
-6.836574,50,2430.689577
-11.450934,50,2435.595971
-6.855701,50,2440.486884
-10.164191,50,2445.391422
-9.657011,50,2450.950097
-7.319973,50,2456.92851
-8.010668,50,2462.051403
-12.005494,50,2466.8943
-15.491409,50,2471.874543
-13.520757,50,2476.777242
-14.592201,50,2481.68981
-12.892519,50,2486.577298
-16.766409,50,2492.21693
-11.156042,50,2497.282104
-8.806637,50,2502.135285
-13.146878,50,2507.00445
-8.001294,50,2512.271306
-11.055618,50,2517.683205
-8.840387,50,2522.590717
-9.113229,50,2527.418507
-13.929075,50,2532.358632
-7.323762,50,2537.326124
-8.205938,50,2542.254689
-13.743646,50,2547.122815
-10.461829,50,2552.053238
-13.442706,50,2557.09893
-11.18173,50,2562.330534
-12.372519,50,2567.381027
-14.608728,50,2572.408346
-4.345977,50,2577.604772
-9.140625,50,2582.69793
-12.607902,50,2587.474187
-10.249075,50,2592.403393
-11.911284,50,2597.272067
-9.531746,50,2602.175698
-7.779849,50,2607.231462
-7.923482,50,2612.372998
-10.182079,50,2617.387788
-12.204726,50,2622.305754
-12.312698,50,2627.385558
-13.756672,50,2633.437527
-6.764634,50,2638.800153
-12.21728,50,2643.910164
-15.08584,50,2649.060287
-7.545765,50,2654.15244
-13.580621,50,2659.249486
-15.981557,50,2664.330789
-6.835206,50,2669.384053
-7.764419,50,2674.505634
-7.319417,50,2679.379683
-8.966198,50,2684.193567
-10.887566,50,2689.402146
-13.830806,50,2694.593555
-6.858624,50,2699.807992
-16.271856,50,2704.842165
-8.044984,50,2710.275318
-15.11319,50,2715.573869
-8.171701,50,2720.548698
-8.476154,50,2725.419367
-15.554251,50,2730.297605
-12.7606,50,2735.24689
-9.848226,50,2740.058734
-6.764699,50,2744.932678
-7.518264,50,2749.947829
-11.792991,50,2754.9851
-9.694684,50,2760.255647
-8.001127,50,2765.487369
-8.356675,50,2770.595467
-7.73678,50,2776.001131
-6.601539,50,2781.086242
-10.191104,50,2785.916419
-13.03125,50,2790.862418
-13.69813,50,2795.930245
-10.092002,50,2800.812071
-10.296825,50,2805.653536
-11.965651,50,2810.777503
-9.795233,50,2816.354982
-7.489243,50,2821.553875
-12.589403,50,2826.44312
-8.585098,50,2831.411256
-15.076186,50,2836.686805
-14.56881,50,2841.830792
-5.967132,50,2846.710613
-9.828722,50,2851.536967
-10.907742,50,2856.790876
-10.850318,50,2861.609018
-11.332244,50,2866.441147
-9.464982,50,2871.5305
-11.997765,50,2876.804049
-14.214412,50,2881.864977
-12.234602,50,2886.752236
-13.598437,50,2891.661369
-10.468668,50,2896.607377
-9.643773,50,2901.79108
-15.614184,50,2906.932847
-12.280737,50,2911.978138
-11.112551,50,2916.91224
-14.637776,50,2921.693042
-12.07389,50,2926.468377
-11.736514,50,2931.522288
-6.651103,50,2936.793595
-12.757534,50,2941.572498
-14.240751,50,2946.39952
-11.130114,50,2951.289059
-6.358896,50,2956.219433
-12.237592,50,2960.989873
-3.342212,50,2965.926626
-6.974419,50,2970.992808
-6.811559,50,2976.153662
-12.028248,50,2980.90329
-4.573413,50,2985.689435
-13.80724,50,2990.901407
-10.913482,50,2996.072807
-15.107653,50,3001.171617
-7.597816,50,3006.035191
-6.714172,50,3010.83995
-11.733947,50,3015.782667
-11.280281,50,3020.651161
-9.976502,50,3025.706977
-10.48155,50,3030.923055
-7.773187,50,3036.272536
-8.183877,50,3041.675812
-12.666398,50,3046.527465
-15.522107,50,3051.528439
-11.428071,50,3056.702142
-8.956625,50,3061.704835
-10.464264,50,3066.600097
-14.004013,50,3071.482147
-10.258369,50,3076.378392
-15.895232,50,3081.220073
-13.40791,50,3086.188419
-6.403489,50,3091.034599
-12.706979,50,3095.947092
-9.853671,50,3100.857567
-14.247226,50,3106.077103
-9.733861,50,3111.275564
-15.692233,50,3116.475426
-10.50509,50,3121.534342
-12.145585,50,3126.379057
-13.724805,50,3131.261092
-15.201826,50,3136.372359
-8.929544,50,3141.317079
-6.960556,50,3146.235823
-10.545219,50,3151.144207
-8.497033,50,3157.166416
-9.621853,50,3162.555671
-15.291131,50,3167.509816
-12.878567,50,3172.968675
-8.59224,50,3178.49639
-14.246065,50,3183.65418
-10.763681,50,3188.528597
-8.331319,50,3193.360276
-13.127532,50,3198.255342
-10.100984,50,3203.157904
-11.663454,50,3207.949109
-9.490564,50,3212.679267
-8.476984,50,3217.670966
-13.73609,50,3222.526166
-9.790311,50,3227.277629
-14.378776,50,3232.247947
-8.703132,50,3237.933182
-12.659093,50,3243.083683
-10.84757,50,3248.111022
-14.359956,50,3252.958868
-9.314674,50,3258.110087
-7.366598,50,3263.018708
-7.166199,50,3267.823488
-14.501051,50,3272.550602
-11.100495,50,3277.439263
-14.519294,50,3282.267383
-7.730089,50,3287.100307
-10.514886,50,3292.007432
-9.949219,50,3297.082518
-8.710086,50,3301.985849
-8.165645,50,3307.465509
-6.519476,50,3312.76487
-9.751747,50,3317.676769
-7.418692,50,3322.453466
-10.765859,50,3327.302337
-10.838035,50,3332.230005
-9.649834,50,3337.18942
-9.003721,50,3342.087399
-15.644385,50,3347.048697
-11.110269,50,3352.100782
-13.631474,50,3357.556583
-8.271008,50,3362.866784
-9.059994,50,3367.973612
-12.736508,50,3372.961003
-12.038719,50,3378.172359
-18.481713,50,3383.251639
-11.218078,50,3388.173005
-9.625708,50,3393.064427
-8.52769,50,3398.079925
-13.612605,50,3403.152062
-14.345985,50,3407.985959
-17.398442,50,3412.92279
-8.843329,50,3418.488707
-11.573982,50,3424.665847
-15.450705,50,3429.653771
-8.905591,50,3434.692257
-10.468194,50,3439.641642
-10.039735,50,3444.716457
-14.140563,50,3449.967288
-11.126529,50,3454.977139
-10.446113,50,3460.130115
-14.557743,50,3465.100066
-10.227125,50,3470.156744
-16.490352,50,3475.24385
-13.222583,50,3480.534802
-12.184504,50,3485.514891
-11.426129,50,3490.519113
-8.966949,50,3495.449454
-9.50486,50,3500.649926
-17.578186,50,3505.795783
-10.897549,50,3510.806904
-14.146116,50,3515.905627
-10.157146,50,3520.956221
-11.76813,50,3525.891098
-12.811609,50,3530.909545
-9.040903,50,3536.288239
-8.505828,50,3541.27763
-4.460132,50,3546.217377
-11.891743,50,3551.165618
-12.409025,50,3556.115085
-15.581228,50,3561.100444
-7.428234,50,3566.297963
-17.14211,50,3571.216625
-6.665235,50,3576.174521
-10.541512,50,3581.438331
-14.216247,50,3586.553575
-13.799036,50,3591.546888
-10.270554,50,3596.607045
-8.403759,50,3601.740392
-5.998526,50,3606.711485
-13.113335,50,3611.629451
-7.87128,50,3616.569041
-13.31558,50,3621.536593
-15.725342,50,3626.464501
-7.412299,50,3631.500956
-8.545089,50,3636.4504
-17.988385,50,3641.30716
-13.313236,50,3646.170682
-10.664402,50,3651.355676
-8.023402,50,3656.454313
-8.741567,50,3661.50147
-7.47251,50,3666.539206
-17.724317,50,3671.556803
-11.909113,50,3676.942795
-11.320587,50,3681.867255
-16.505674,50,3686.810105
-15.081593,50,3691.712805
-6.084488,50,3696.720736
-12.536861,50,3701.759905
-9.66987,50,3706.685482
-16.863831,50,3711.807163
-9.206098,50,3717.834042
-8.246192,50,3723.366122
-7.196764,50,3728.317914
-9.194063,50,3733.104305
-15.407306,50,3738.003491
-8.739631,50,3742.886082
-6.036199,50,3747.912601
-15.977584,50,3752.732042
-6.476879,50,3757.561996
-10.008793,50,3762.66137
-15.330231,50,3767.731012
-13.422678,50,3772.711805
-13.464635,50,3777.825958
-15.794254,50,3782.956579
-7.048105,50,3788.076674
-8.611727,50,3793.073663
-7.264225,50,3798.069485
-14.516304,50,3802.98471
-10.156757,50,3807.887263
-8.818875,50,3812.76595
-8.146507,50,3817.588829
-12.842878,50,3822.464587
-7.452269,50,3827.287996
-11.66123,50,3832.511593
-8.063728,50,3837.67784
-10.056247,50,3843.015482
-10.771133,50,3847.859774
-7.372426,50,3852.83493
-9.000455,50,3858.067149
-11.206211,50,3863.103755
-15.023992,50,3868.006979
-11.826667,50,3872.899185
-9.836075,50,3877.922459
-17.242645,50,3882.970366
-8.742298,50,3888.013362
-12.677751,50,3893.254951
-11.517479,50,3898.569319
-11.672813,50,3903.572567
-8.703101,50,3908.998387
-14.421221,50,3914.033568
-8.162641,50,3918.990642
-10.124269,50,3924.276089
-9.648121,50,3929.24752
-13.664171,50,3934.120001
-6.468853,50,3939.091603
-8.285649,50,3944.02958
-9.199144,50,3948.904516
-10.598771,50,3953.729978
-7.718526,50,3958.920905
-11.574652,50,3964.053512
-11.925959,50,3968.80071
-11.736361,50,3973.640073
-10.421643,50,3978.563875
-9.405011,50,3983.477382
-14.868795,50,3988.780929
-7.319293,50,3993.785988
-7.295716,50,3998.529599
-10.664793,50,4003.458624
-10.963838,50,4008.408621
-7.425477,50,4013.365857
-6.806602,50,4018.495365
-7.802956,50,4023.547073
-11.395548,50,4028.471673
-12.808587,50,4033.316179
-11.068839,50,4038.201155
-7.037329,50,4043.199596
-8.896578,50,4048.020979
-12.073895,50,4052.932822
-8.186593,50,4058.034772
-9.336597,50,4063.193408
-9.104375,50,4068.030263
-6.921376,50,4072.903256
-9.584816,50,4077.952287
-6.440181,50,4083.199236
-5.295948,50,4088.189281
-6.597396,50,4093.012855
-10.631344,50,4097.89011
-10.32741,50,4102.905863
-8.925926,50,4107.732477
-9.881732,50,4112.583072
-15.022393,50,4117.503381
-11.750154,50,4122.553208
-15.191416,50,4127.765486
-9.625984,50,4132.955765
-10.472416,50,4138.143112
-15.290785,50,4143.128948
-14.61886,50,4148.004196
-9.064774,50,4152.895032
-13.558322,50,4157.769202
-13.553144,50,4162.920321
-6.806656,50,4167.774688
-6.386303,50,4172.621095
-8.179381,50,4177.445242
-12.591795,50,4182.513312
-12.734271,50,4187.508569
-9.063614,50,4192.906588
-7.202324,50,4198.001141
-13.122009,50,4203.010913
-10.136026,50,4208.0228
-6.722643,50,4212.82284
-6.090892,50,4217.728444
-7.548313,50,4222.73841
-7.622587,50,4227.721052
-9.322387,50,4232.687356
-11.965252,50,4237.68171
-14.075116,50,4242.815922
-5.624682,50,4247.639437
-9.387905,50,4256.965665
-8.917459,50,4263.361369
-6.277897,50,4268.715417
-7.136697,50,4273.94244
-12.313014,50,4279.439623
-13.675294,50,4285.373867
-14.518675,50,4291.337286
-14.596828,50,4296.642725
-8.757985,50,4302.343152
-10.512533,50,4308.40604
-6.506337,50,4314.43107
-14.684953,50,4319.983673
-9.159622,50,4325.107512
-10.9612,50,4330.317467
-14.60136,50,4335.682283
-15.353159,50,4340.618518
-8.377673,50,4345.655801
-9.691539,50,4350.595481
-9.494258,50,4355.594456
-13.8857,50,4360.699601
-14.290286,50,4365.770282
-13.252534,50,4370.79197
-7.05697,50,4375.941337
-9.546046,50,4381.048395
-6.91249,50,4385.937476
-8.535529,50,4390.811307
-13.446493,50,4395.824629
-12.722727,50,4400.97253
-13.412573,50,4406.151876
-11.07179,50,4411.067114
-7.192474,50,4416.043305
-8.231583,50,4420.931764
-8.786615,50,4425.909246
-12.558257,50,4431.040941
-6.440374,50,4436.471092
-8.811079,50,4441.542478
-9.757738,50,4446.492485
-11.953651,50,4451.393351
-7.728495,50,4456.331675
-6.143839,50,4461.301193
-12.521527,50,4466.365495
-14.088477,50,4471.508704
-10.225383,50,4476.415148
-8.254021,50,4481.280078
-11.431742,50,4486.174045
-12.165291,50,4491.264008
-12.166278,50,4496.600609
-7.970322,50,4501.859394
-10.383923,50,4507.143575
-10.933009,50,4512.128878
-11.603585,50,4517.354307
-7.016595,50,4522.25717
-12.284441,50,4527.219636
-6.731738,50,4532.211582
-7.977916,50,4537.787581
-15.835399,50,4542.989921
-7.010979,50,4547.943591
-6.342449,50,4553.042634
-6.101787,50,4558.340613
-10.297563,50,4563.396175
-8.135735,50,4568.383596
-15.787554,50,4573.250742
-8.351174,50,4578.295054
-12.416587,50,4583.309891
-15.096323,50,4588.257439
-9.722073,50,4593.146252
-17.629701,50,4598.085431
-14.999085,50,4603.129686
-10.398226,50,4608.284863
-12.899841,50,4613.97027
-14.209688,50,4620.075857
-11.536486,50,4625.29679
-12.969083,50,4630.357744
-7.338712,50,4635.247714
-12.012476,50,4640.264097
-13.014016,50,4645.20602
-7.676486,50,4650.042357
-9.061766,50,4654.876011
-8.182047,50,4659.836377
-7.990363,50,4664.958831
-13.273318,50,4670.962555
-6.158571,50,4677.302077
-16.373787,50,4683.424304
-9.935015,50,4688.990003
-13.719354,50,4694.867074
-8.350001,50,4700.483956
-14.936417,50,4706.121238
-12.332589,50,4711.40157
-7.242472,50,4716.715632
-10.97771,50,4723.13873
-13.877337,50,4731.162727
-14.682705,50,4743.895462
-8.7742,50,4750.128151
-10.260548,50,4755.310904
-18.224112,50,4760.464163
-5.648934,50,4765.336583
-9.806265,50,4770.216252
-7.308239,50,4775.138149
-8.088464,50,4780.22096
-6.913742,50,4785.268398
-11.971823,50,4790.59289
-10.386738,50,4795.825757
-5.944781,50,4800.905225
-9.127265,50,4806.2178
-13.604292,50,4811.717306
-11.576748,50,4816.784106
-7.970454,50,4821.873078
-8.479614,50,4827.000302
-7.636346,50,4831.983376
-13.365017,50,4836.956414
-8.190926,50,4842.103569
-13.892871,50,4847.43296
-9.559799,50,4852.393925
-14.25132,50,4857.473965
-10.499654,50,4862.501538
-10.828634,50,4867.703774
-13.498129,50,4872.601046
-14.943671,50,4877.554032
-9.537835,50,4882.956945
-8.943927,50,4888.051731
-16.694422,50,4892.939652
-13.343063,50,4897.884136
-9.088331,50,4902.943877
-15.725773,50,4908.330485
-10.803234,50,4913.480176
-10.738936,50,4918.499976
-10.506226,50,4923.624282
-10.144942,50,4928.736616
-9.875217,50,4933.68477
-7.855262,50,4938.533705
-7.637075,50,4943.568556
-12.552981,50,4948.851457
-6.741798,50,4954.494914
-8.605077,50,4959.402901
-7.603703,50,4964.530107
-12.155398,50,4969.432952
-9.44063,50,4974.359032
-11.994687,50,4979.45068
-13.360863,50,4984.474468
-14.04562,50,4989.348751
-6.383756,50,4994.190891
-12.52736,50,4999.089569
-11.519875,50,5004.051501
-13.573005,50,5009.068359
-15.839865,50,5014.03787
-8.431954,50,5019.284227
-5.419488,50,5024.384063
-7.241123,50,5029.366207
-18.499133,50,5035.06768
-6.99601,50,5040.259008
-7.999756,50,5045.305476
-10.82316,50,5050.448443
-10.077653,50,5055.428884
-8.110746,50,5060.344903
-10.839415,50,5065.326011
-11.637999,50,5070.230304
-13.372751,50,5075.104893
-12.712227,50,5080.168536
-16.59787,50,5085.600546
-9.607709,50,5090.944765
-11.439447,50,5096.007305
-9.768244,50,5101.017509
-10.786241,50,5106.661258
-6.729293,50,5111.713324
-14.257561,50,5117.096814
-9.373256,50,5122.401086
-13.958097,50,5127.618583
-7.252647,50,5132.593085
-4.6549,50,5137.73155
-7.695639,50,5142.693488
-11.65258,50,5147.849331
-14.412278,50,5153.901418
-11.994539,50,5159.144425
-6.654603,50,5164.046892
-9.577602,50,5169.209918
-8.023085,50,5174.187202
-11.601442,50,5179.25948
-11.814901,50,5184.362785
-12.567931,50,5189.540999
-12.334889,50,5194.66167
-11.625576,50,5199.769758
-7.261253,50,5204.767894
-9.123711,50,5210.211155
-13.634085,50,5215.402503
-9.381534,50,5220.978976
-13.263619,50,5226.25282
-13.053454,50,5231.542368
-13.699561,50,5236.528397
-13.278295,50,5241.571413
-9.878058,50,5246.628803
-8.352164,50,5251.665415
-14.269642,50,5256.541402
-12.198529,50,5261.4266
-8.684728,50,5266.387679
-13.023349,50,5271.580324
-7.213606,50,5276.548389
-9.067069,50,5281.382433
-11.824879,50,5286.39323
-9.073866,50,5291.633578
-13.488292,50,5296.556117
-7.241395,50,5301.44953
-8.822926,50,5306.327767
-12.120103,50,5311.336627
-14.454063,50,5316.157603
-9.545157,50,5321.128617
-9.571302,50,5325.954022
-8.074682,50,5331.253714
-14.306925,50,5336.547872
-12.451574,50,5341.551198
-8.101855,50,5346.48856
-9.451003,50,5351.514526
-9.049439,50,5356.592277
-12.581837,50,5361.743132
-12.47834,50,5366.77234
-9.045053,50,5371.801748
-7.792842,50,5377.406247
-9.069481,50,5382.537424
-12.134987,50,5387.50158
-8.738041,50,5393.055707
-9.713821,50,5398.279936
-12.23973,50,5403.317931
-14.509637,50,5408.552514
-7.135203,50,5413.912657
-9.838754,50,5419.097202
-7.067405,50,5424.277905
-9.56808,50,5429.590763
-7.26838,50,5434.655819
-11.798799,50,5439.643107
-11.458469,50,5444.779181
-10.04523,50,5449.936167
-8.195683,50,5455.367204
-15.277186,50,5460.468359
-12.370809,50,5465.40991
-13.560547,50,5470.331316
-8.037535,50,5475.376033
-15.565398,50,5480.441696
-11.967058,50,5485.556224
-14.476212,50,5490.607674
-7.752587,50,5496.006753
-7.811241,50,5501.033848
-9.702761,50,5506.290629
-8.958487,50,5511.539606
-11.095727,50,5516.91111
-9.176706,50,5522.089041
-15.161285,50,5527.215178
-8.964173,50,5532.29954
-8.562018,50,5537.515345
-16.440008,50,5542.583317
-9.168974,50,5547.924039
-13.826201,50,5553.145547
-10.09955,50,5558.362342
-8.680803,50,5563.756955
-12.664466,50,5569.185128
-9.136941,50,5574.398048
-11.980773,50,5579.7192
-8.301122,50,5584.886291
-8.97304,50,5589.988924
-7.898629,50,5595.347204
-9.321363,50,5600.542649
-14.459048,50,5605.686901
-12.44661,50,5610.870327
-7.657291,50,5616.218686
-13.83809,50,5621.561206
-10.879148,50,5626.752286
-8.007966,50,5632.233134
-8.824353,50,5637.913839
-7.879538,50,5643.074225
-7.213617,50,5648.173184
-6.377574,50,5653.317463
-10.407682,50,5658.375799
-8.82911,50,5663.614857
-7.347396,50,5668.703405
-7.377606,50,5673.75968
-7.831503,50,5679.037351
-14.139229,50,5684.339144
-8.172021,50,5689.592242
-8.631718,50,5695.072875
-11.334824,50,5700.461269
-9.764611,50,5705.779441
-7.128209,50,5711.341679
-6.496839,50,5716.550822
-8.449476,50,5721.645995
-8.042113,50,5726.845806
-9.060115,50,5731.874291
-8.886137,50,5736.950699
-10.267666,50,5742.003471
-14.501478,50,5747.363848
-14.116241,50,5752.419935
-11.546046,50,5757.497392
-8.954539,50,5762.631246
-8.351399,50,5768.070375
-8.139494,50,5773.302141
-8.897958,50,5778.721231
-6.838495,50,5783.852409
-9.062493,50,5789.150702
-9.087209,50,5794.247056
-9.090656,50,5799.274614
-6.547461,50,5804.36158
-9.044162,50,5809.831561
-16.283732,50,5815.111175
-12.3145,50,5820.214053
-6.351196,50,5825.377159
-8.930119,50,5830.610265
-10.754321,50,5836.111156
-10.299621,50,5841.342515
-9.30489,50,5846.349237
-10.779802,50,5851.432602
-7.718842,50,5856.446987
-9.241182,50,5861.492479
-13.344887,50,5866.604388
-14.552514,50,5872.130829
-5.894411,50,5877.429163
-8.520442,50,5882.616667
-8.297637,50,5887.728827
-9.606773,50,5892.884219
-12.725935,50,5897.935502
-9.97698,50,5903.30754
-14.070306,50,5908.5691
-8.572097,50,5913.812259
-7.583811,50,5918.831178
-11.085516,50,5923.841697
-11.453426,50,5928.845788
-7.771446,50,5934.461776
-11.852241,50,5939.850766
-8.314641,50,5945.047626
-9.289627,50,5950.1484
-8.279813,50,5955.386828
-9.58608,50,5960.776352
-11.761993,50,5966.065368
-13.064365,50,5971.526639
-11.197778,50,5976.798095
-9.698426,50,5981.911491
-8.409619,50,5986.992938
-9.986075,50,5992.525508
-13.188814,50,5997.816416
-11.61774,50,6002.908099
-14.053884,50,6008.257656
-7.2385,50,6013.385375
-9.975742,50,6018.59689
-10.23091,50,6023.779866
-9.507989,50,6028.82392
-8.841739,50,6033.909331
-8.086047,50,6039.383577
-12.044898,50,6044.618586
-17.311786,50,6049.775448
-12.361205,50,6054.945077
-8.118123,50,6060.135817
-8.020338,50,6065.26358
-12.748292,50,6070.337239
-13.556716,50,6075.528332
-7.892758,50,6080.71286
-15.864745,50,6085.788609
-14.301973,50,6091.222481
-15.830283,50,6096.302377
-11.059815,50,6101.507926
-15.507127,50,6106.897358
-10.399972,50,6112.37264
-14.681436,50,6117.658349
-9.385419,50,6123.043847
-8.081473,50,6128.213146
-9.069337,50,6133.294986
-7.298464,50,6138.672031
-14.345039,50,6144.10754
-10.910609,50,6149.231256
-11.810813,50,6154.344515
-10.312706,50,6159.413725
-14.971062,50,6164.778017
-11.628967,50,6170.379991
-11.33233,50,6175.92745
-16.136722,50,6181.237288
-12.147536,50,6186.436952
-13.217198,50,6191.519586
-11.7293,50,6196.713574
-13.80335,50,6201.830824
-10.954228,50,6207.23601
-9.602111,50,6212.343101
-11.147556,50,6217.440071
-11.903539,50,6222.549723
-8.495737,50,6227.822243
-13.31026,50,6233.2918
-13.691743,50,6239.008411
-8.545673,50,6244.529518
-10.214199,50,6250.170837
-10.967563,50,6255.434588
-10.121508,50,6260.705276
-7.01132,50,6265.991866
-10.797242,50,6271.529747
-12.994661,50,6276.628931
-10.738485,50,6281.709639
-9.955199,50,6286.818491
-8.26125,50,6292.425475
-12.486525,50,6297.678753
-8.632678,50,6302.810278
-10.110976,50,6308.542539
-13.712333,50,6314.238853
-10.358531,50,6319.516407
-7.046438,50,6324.999917
-13.003526,50,6330.146485
-9.961356,50,6335.453411
-14.221306,50,6340.735417
-7.271352,50,6345.975992
-6.594107,50,6351.145902
-7.860792,50,6356.348937
-9.581519,50,6361.498954
-7.850733,50,6366.786414
-14.435118,50,6371.909862
-14.746193,50,6377.284655
-7.207903,50,6382.559158
-12.04742,50,6387.759307
-8.382243,50,6393.003702
-9.653022,50,6398.331307
-6.387257,50,6403.622625
-7.837013,50,6408.865221
-11.680772,50,6414.142603
-10.564698,50,6419.577788
-11.857135,50,6424.768308
-11.729196,50,6429.942767
-9.948105,50,6435.157175
-13.016056,50,6440.630278
-10.965746,50,6446.136836
-12.084854,50,6451.50882
-9.003309,50,6456.601778
-14.168152,50,6461.763118
-8.65556,50,6467.07007
-6.739462,50,6472.633006
-8.8401,50,6477.970723
-6.95407,50,6483.258544
-10.619056,50,6488.450974
-9.854428,50,6493.59021
-10.15162,50,6498.873969
-9.115065,50,6504.294508
-7.52934,50,6509.57128
-10.376549,50,6516.03773
-11.744147,50,6521.457153
-8.026474,50,6526.698949
-8.254457,50,6532.20926
-11.426652,50,6537.941702
-6.79684,50,6543.265209
-12.052121,50,6548.569381
-12.44611,50,6553.825495
-11.976385,50,6559.063259
-7.805665,50,6564.265643
-15.285466,50,6569.373987
-13.480471,50,6574.521558
-8.618008,50,6579.72122
-11.377664,50,6585.132008
-10.408459,50,6590.647647
-9.521889,50,6596.209037
-12.044367,50,6601.558443
-10.397183,50,6606.74235
-9.120105,50,6611.961417
-14.939461,50,6617.111528
-10.265044,50,6622.269414
-10.731774,50,6627.819066
-13.034455,50,6633.249815
-10.982487,50,6638.520577
-9.768276,50,6643.791353
-11.382928,50,6649.409286
-6.821416,50,6654.965188
-9.292173,50,6660.321365
-7.802327,50,6665.788883
-9.22433,50,6671.13304
-14.411848,50,6676.501687
-9.533968,50,6681.757535
-7.811616,50,6687.102525
-8.24115,50,6692.3942
-9.334004,50,6697.702782
-7.84565,50,6703.002554
-8.200081,50,6708.642305
-7.814778,50,6714.042447
-13.942568,50,6719.683413
-8.646155,50,6725.114582
-9.645615,50,6730.451132
-14.132827,50,6735.865067
-9.568924,50,6741.166418
-8.446209,50,6746.402293
-12.710958,50,6751.652061
-9.052965,50,6757.09268
-14.781856,50,6762.3827
-9.626702,50,6767.689645
-8.375859,50,6773.242691
-12.21427,50,6778.767701
-11.088531,50,6784.084751
-11.962793,50,6789.598347
-11.764468,50,6794.940879
-7.761048,50,6800.275259
-8.929965,50,6805.524042
-8.374537,50,6811.538424
-13.106122,50,6817.488652
-8.093842,50,6822.924502
-9.502005,50,6828.187217
-7.673161,50,6833.561539
-13.357546,50,6839.089035
-11.980531,50,6844.289182
-7.562453,50,6849.558809
-12.465287,50,6854.973199
-13.980722,50,6860.365417
-13.485726,50,6865.697832
-6.728596,50,6870.980765
-12.732704,50,6876.186967
-14.862604,50,6881.349325
-11.181341,50,6886.555305
-12.387156,50,6892.203203
-9.298153,50,6897.540238
-11.635779,50,6902.715628
-12.318072,50,6908.302989
-13.949989,50,6913.68887
-11.803709,50,6918.830122
-8.369627,50,6924.390981
-8.551427,50,6929.825757
-12.339409,50,6935.187165
-10.042529,50,6940.408456
-12.937601,50,6945.699552
-11.253308,50,6951.124543
-11.523193,50,6956.67851
-7.409055,50,6961.863928
-7.756687,50,6967.087502
-6.867813,50,6972.322984
-14.236573,50,6978.030234
-10.339955,50,6983.209955
-10.626001,50,6988.532118
-13.096506,50,6994.106895
-7.248071,50,6999.567909
-10.651704,50,7004.738588
-8.997747,50,7009.972551
-10.115153,50,7015.12008
-11.036969,50,7020.479343
-12.803205,50,7025.645179
-12.954335,50,7030.673416
-8.794974,50,7035.768233
-9.105735,50,7041.022517
-14.701223,50,7046.108471
-14.275973,50,7051.17256
-7.833129,50,7056.450091
-13.130212,50,7062.06324
-7.211244,50,7067.292134
-10.963971,50,7072.633045
-8.733945,50,7078.136329
-8.020937,50,7083.411648
-9.985057,50,7088.628813
-8.764996,50,7093.803259
-8.690429,50,7098.984163
-12.4785,50,7104.227879
-12.725242,50,7109.404649
-8.254807,50,7114.589941
-10.234191,50,7119.82619
-7.737752,50,7125.367453
-7.84195,50,7130.949172
-9.687234,50,7136.568733
-16.133343,50,7142.054848
-10.778297,50,7147.447471
-10.094486,50,7152.764883
-10.502415,50,7157.966835
-12.060161,50,7163.23779
-10.46571,50,7168.616388
-11.291403,50,7173.86253
-10.11818,50,7179.106503
-11.054475,50,7184.583734
-9.948313,50,7190.27301
-8.545038,50,7196.396719
-14.580034,50,7201.682703
-7.346962,50,7206.920444
-13.069378,50,7212.289607
-14.690225,50,7217.506404
-8.118024,50,7222.776167
-13.060836,50,7227.969384
-11.914338,50,7233.263852
-6.280358,50,7238.752865
-6.696891,50,7244.040049
-13.327064,50,7249.238898
-6.800084,50,7254.65193
-6.517374,50,7260.904976
-9.47585,50,7266.474901
-9.402991,50,7271.742548
-8.834058,50,7277.094317
-10.087706,50,7282.308496
-15.593414,50,7287.516263
-8.018941,50,7292.758021
-12.345762,50,7298.045053
-7.05122,50,7303.244479
-15.970873,50,7308.43093
-5.114631,50,7313.768545
-8.504921,50,7319.161299
-18.883434,50,7324.509441
-5.828851,50,7329.949582
-8.44976,50,7335.2902
-8.781023,50,7340.524731
-13.292122,50,7345.651229
-8.479542,50,7350.732391
-11.63974,50,7355.903492
-9.572948,50,7361.149513
-6.700401,50,7366.680449
-9.279833,50,7372.152093
-15.664061,50,7377.532083
-5.74217,50,7382.815205
-11.711815,50,7388.065861
-9.173733,50,7393.371472
-12.110033,50,7398.885573
-11.661546,50,7404.25227
-7.936918,50,7409.4459
-15.524028,50,7414.801259
-8.019793,50,7421.682781
-8.042686,50,7428.451616
-10.692086,50,7435.085282
-9.981292,50,7440.924615
-7.538208,50,7446.23208
-5.448243,50,7451.606525
-11.143394,50,7456.979698
-4.932716,50,7462.491885
-8.331055,50,7468.105207
-15.707199,50,7473.538783
-16.14846,50,7478.875261
-8.576735,50,7484.127449
-13.577,50,7489.671026
-11.123151,50,7495.341882
-11.66991,50,7500.736871
-8.263238,50,7506.424411
-18.467423,50,7511.783576
-10.551321,50,7517.28815
-11.231155,50,7523.509387
-14.867481,50,7528.866803
-12.225027,50,7534.267604
-8.304061,50,7539.618789
-6.94073,50,7544.793085
-13.426204,50,7550.23474
-12.814138,50,7555.497669
-15.743504,50,7560.697146
-4.295681,50,7565.892524
-8.823785,50,7570.922851
-4.7831,50,7576.105976
-8.766311,50,7581.453394
-13.402182,50,7586.607604
-12.069412,50,7591.953282
-7.334106,50,7597.040085
-8.656353,50,7602.569656
-8.259061,50,7607.865013
-8.557383,50,7613.089905
-7.768133,50,7618.348091
-7.907871,50,7623.995625
-10.010841,50,7629.248768
-9.529033,50,7634.332859
-14.590457,50,7639.508012
-8.200626,50,7644.743934
-12.93673,50,7649.836017
-16.622606,50,7655.077432
-7.189356,50,7660.273391
-5.52837,50,7665.482502
-10.511913,50,7671.046091
-17.897593,50,7676.520329
-12.503861,50,7681.670972
-13.497457,50,7686.933323
-12.502685,50,7692.048504
-4.856418,50,7697.186964
-12.308897,50,7702.352238
-6.373316,50,7707.61359
-12.16669,50,7712.777211
-6.691844,50,7717.873469
-13.800139,50,7723.159853
-7.423518,50,7728.538062
-14.384104,50,7734.022302
-7.113229,50,7739.876976
-11.653999,50,7745.074306
-17.062449,50,7750.261487
-16.139426,50,7755.328662
-12.441078,50,7760.445419
-20.307834,50,7765.625292
-10.085736,50,7770.768342
-9.833224,50,7775.959633
-13.388293,50,7781.532102
-5.953,50,7786.839797
-16.631644,50,7792.570247
-9.219582,50,7797.954627
-10.991067,50,7803.207724
-10.526609,50,7808.712432
-12.388298,50,7813.926088
-7.648107,50,7819.008795
-5.677949,50,7824.152868
-9.14108,50,7829.356908
-14.237804,50,7834.554306
-12.916637,50,7839.671842
-9.339444,50,7844.809122
-8.259636,50,7850.062729
-14.550564,50,7855.816212
-9.835984,50,7860.939013
-4.806706,50,7866.080824
-6.081754,50,7871.346865
-9.926757,50,7876.872845
-8.505643,50,7881.946174
-15.32279,50,7887.057203
-10.857077,50,7892.226448
-8.500444,50,7897.633488
-10.35311,50,7902.696379
-8.413982,50,7907.756053
-13.090473,50,7913.395723
-9.672341,50,7918.715205
-10.436361,50,7923.917199
-12.275668,50,7929.387295
-13.342845,50,7934.532148
-15.974357,50,7940.130042
-14.123419,50,7945.71578
-13.10286,50,7950.936135
-12.642361,50,7956.106311
-9.218026,50,7961.510556
-13.787969,50,7966.731635
-7.743862,50,7972.065217
-13.14398,50,7977.428038
-18.270841,50,7982.785422
-7.147083,50,7988.140088
-9.725407,50,7993.193304
-11.028974,50,7998.404696
-13.612243,50,8003.81536
-13.984559,50,8009.261513
-6.27449,50,8014.652814
-10.432362,50,8019.882113
-7.210087,50,8025.236804
-12.56671,50,8030.467839
-10.089782,50,8036.04916
-9.098148,50,8041.363821
-8.665853,50,8046.61597
-11.84808,50,8051.942948
-8.5446,50,8057.105101
-13.058,50,8062.353902
-8.590851,50,8067.63714
-7.730526,50,8072.777185
-8.457342,50,8078.28017
-10.077087,50,8083.698537
-8.397644,50,8088.948081
-10.494264,50,8094.794336
-11.028523,50,8101.012665
-10.049677,50,8106.596641
-10.104891,50,8111.95374
-10.388105,50,8117.515726
-14.677721,50,8122.947917
-8.950079,50,8128.253851
-7.101896,50,8133.525574
-10.702769,50,8138.719575
-11.159146,50,8144.08259
-10.74081,50,8149.536791
-8.648598,50,8155.121868
-10.680765,50,8160.367733
-8.868602,50,8165.599678
-8.387903,50,8170.822573
-10.70101,50,8176.076835
-9.335378,50,8181.359288
-11.353059,50,8186.738934
-14.124456,50,8191.970659
-12.184121,50,8197.299953
-11.751826,50,8202.445506
-6.397983,50,8207.664319
-6.314505,50,8213.31433
-9.506581,50,8218.935951
-9.185389,50,8223.953268
-8.416252,50,8229.184724
-12.901797,50,8234.322201
-7.055371,50,8239.597735
-16.253119,50,8244.884624
-6.439997,50,8250.327514
-6.598218,50,8255.588858
-8.547381,50,8260.967445
-8.639935,50,8266.176889
-7.844041,50,8271.662509
-7.936122,50,8277.863755
-7.408089,50,8283.587423
-12.897172,50,8288.913629
-11.21585,50,8294.107663
-13.915793,50,8299.209558
-6.890968,50,8304.482806
-9.356988,50,8309.728454
-7.789713,50,8315.255463
-6.611672,50,8320.489889
-14.374505,50,8325.878445
-11.368022,50,8331.140396
-11.758005,50,8336.790513
-7.194488,50,8342.217229
-6.788784,50,8347.62093
-10.545632,50,8353.338408
-11.328256,50,8358.479733
-11.298009,50,8363.579277
-10.260068,50,8368.823993
-10.558929,50,8373.90453
-8.142481,50,8379.399994
-8.724635,50,8384.643653
-7.91667,50,8390.183888
-10.783889,50,8395.76441
-7.884962,50,8401.03274
-7.165239,50,8406.22322
-8.727741,50,8411.527649
-13.23753,50,8416.926052
-8.963755,50,8422.529937
-6.891749,50,8427.73724
-6.898176,50,8432.940029
-12.111946,50,8438.183863
-12.875555,50,8443.303325
-9.094888,50,8448.517995
-11.1336,50,8453.86552
-8.225878,50,8459.43754
-10.087211,50,8464.609047
-15.820211,50,8469.859578
-12.00989,50,8475.066505
-7.858453,50,8480.224528
-9.355734,50,8485.703145
-12.861682,50,8490.887235
-10.151273,50,8496.076461
-13.112345,50,8501.278371
-12.030434,50,8506.451915
-10.449891,50,8511.742361
-13.962281,50,8517.380204
-10.037221,50,8522.552665
-8.152239,50,8527.668916
-8.601426,50,8532.826794
-10.392657,50,8538.039661
-9.312172,50,8543.144849
-9.562739,50,8548.312159
-12.006485,50,8553.756186
-8.60982,50,8559.137199
-11.30506,50,8564.25835
-8.947962,50,8569.521829
-6.655706,50,8574.864299
-14.39562,50,8580.401682
-13.461705,50,8585.643793
-9.803747,50,8590.748019
-8.316701,50,8595.971352
-10.649166,50,8601.240021
-11.744831,50,8606.413285
-12.20497,50,8611.56931
-12.687605,50,8616.817258
-13.980098,50,8622.371988
-6.550293,50,8627.590338
-13.883369,50,8632.995478
-13.443153,50,8638.748499
-7.082319,50,8644.110555
-8.608299,50,8649.438187
-11.3008,50,8654.560301
-7.773817,50,8659.767241
-10.773755,50,8665.1401
-8.256626,50,8670.324172
-7.905437,50,8675.542337
-15.643273,50,8680.742171
-6.920103,50,8686.215086
-8.764137,50,8692.006303
-13.725724,50,8697.455503
-12.840743,50,8702.630921
-8.588945,50,8708.298592
-7.35312,50,8713.932001
-8.541394,50,8719.075475
-14.685513,50,8724.327385
-10.661837,50,8729.552672
-6.024766,50,8734.662381
-6.427754,50,8739.782648
-18.045452,50,8744.913567
-11.518054,50,8750.225148
-13.782309,50,8755.840614
-8.415528,50,8761.208343
-10.966693,50,8766.330929
-13.279676,50,8771.561163
-12.322352,50,8776.803961
-10.921178,50,8782.016141
-12.685088,50,8787.09371
-9.187426,50,8792.246878
-17.073147,50,8797.488591
-5.323582,50,8802.815557
-15.360944,50,8807.996871
-10.024628,50,8813.39176
-7.942765,50,8818.657612
-13.212019,50,8824.389971
-6.416371,50,8829.764075
-13.65193,50,8835.004927
-12.165233,50,8840.109967
-6.713224,50,8845.481241
-12.197798,50,8850.778651
-14.920835,50,8856.139318
-10.285788,50,8861.364171
-9.876984,50,8866.477362
-8.839497,50,8871.652493
-8.217469,50,8877.285455
-11.069107,50,8882.444926
-9.534757,50,8887.77841
-8.499623,50,8893.478243
-6.908994,50,8899.026712
-12.016243,50,8904.588404
-10.893557,50,8910.471994
-15.553363,50,8915.64579
-10.185662,50,8920.813857
-12.877556,50,8925.865448
-14.562825,50,8931.029445
-9.51991,50,8936.392339
-11.839358,50,8941.714953
-6.209796,50,8946.821183
-10.959609,50,8951.862096
-15.031589,50,8956.988429
-6.880863,50,8962.868879
-11.169927,50,8968.266961
-13.038147,50,8973.529685
-16.189219,50,8978.695516
-10.391759,50,8983.989491
-13.808659,50,8989.264775
-7.273262,50,8994.522386
-9.769773,50,8999.757256
-11.960381,50,9005.229052
-15.235059,50,9010.804899
-6.971362,50,9016.061178
-6.912976,50,9021.29285
-12.873131,50,9026.893223
-11.620706,50,9032.377908
-7.326563,50,9037.565536
-9.568691,50,9042.940585
-7.595177,50,9048.173054
-18.368687,50,9053.491324
-13.905565,50,9058.871454
-15.802979,50,9064.190285
-15.492509,50,9069.423159
-8.497108,50,9074.592168
-16.530255,50,9079.711024
-13.031917,50,9084.831396
-12.07083,50,9090.091252
-11.094012,50,9095.368691
-6.641739,50,9100.700118
-12.197653,50,9106.048032
-8.730952,50,9111.574992
-9.989105,50,9116.923816
-13.509545,50,9122.062723
-6.683246,50,9127.398648
-16.273947,50,9132.903776
-11.40692,50,9138.044497
-10.120101,50,9143.247349
-10.543065,50,9148.310439
-16.749117,50,9153.500208
-9.945024,50,9158.986573
-12.351143,50,9164.394144
-6.610152,50,9169.965431
-13.579772,50,9175.712312
-6.283086,50,9181.763381
-10.326454,50,9187.573933
-6.560898,50,9193.302895
-7.753924,50,9199.064769
-10.384655,50,9204.927668
-7.228615,50,9210.85444
-10.577673,50,9216.193842
-10.165665,50,9221.495039
-11.022207,50,9226.701276
-10.694077,50,9232.300458
-5.858219,50,9237.956763
-10.179307,50,9243.38014
-8.238196,50,9248.640047
-8.548688,50,9253.918558
-12.18621,50,9259.21142
-8.016698,50,9264.726214
-11.096148,50,9269.850966
-14.356934,50,9275.071467
-10.66737,50,9280.252949
-12.805115,50,9285.564751
-8.125458,50,9290.866731
-7.347573,50,9296.300624
-11.371287,50,9301.84875
-7.673436,50,9307.91807
-7.47176,50,9313.17808
-10.138269,50,9318.303463
-7.154924,50,9323.411557
-7.717926,50,9328.672921
-7.494993,50,9333.819212
-12.923815,50,9338.924371
-9.537197,50,9344.057378
-7.670896,50,9349.300724
-7.149346,50,9354.583463
-13.709451,50,9359.913828
-12.213564,50,9365.139063
-13.388929,50,9371.063792
-13.907263,50,9376.497513
-12.49916,50,9381.575064
-8.561905,50,9386.712046
-11.272403,50,9391.912919
-10.759543,50,9397.173114
-8.368741,50,9402.349736
-7.524289,50,9407.665135
-11.746344,50,9413.06362
-11.29798,50,9418.541366
-12.861604,50,9423.783031
-13.589101,50,9429.109267
-10.540987,50,9434.696168
-10.746882,50,9440.561237
-8.058197,50,9445.84654
-11.63501,50,9450.992672
-7.154268,50,9456.24858
-14.536895,50,9461.456316
-9.709212,50,9466.586396
-9.028042,50,9472.013757
-10.491709,50,9477.466817
-8.236617,50,9482.835755
-6.840128,50,9488.061771
-10.682094,50,9493.31345
-8.446686,50,9498.702509
-12.20226,50,9504.267121
-8.858207,50,9509.976037
-12.215427,50,9515.100939
-13.918675,50,9520.370777
-13.795292,50,9525.482493
-10.128961,50,9530.738335
-10.910307,50,9536.00337
-14.655163,50,9541.294484
-10.996479,50,9546.560171
-8.919947,50,9552.023475
-8.235255,50,9557.164037
-9.159687,50,9562.665775
-6.649971,50,9567.98304
-12.70705,50,9573.546343
-10.801672,50,9578.952395
-9.929876,50,9584.294734
-9.841741,50,9589.541623
-15.547858,50,9594.960552
-13.277547,50,9600.284743
-11.222702,50,9606.982642
-11.405867,50,9614.051215
-9.682903,50,9620.824466
-13.42808,50,9627.544297
-12.412599,50,9633.385697
-7.697937,50,9639.483844
-12.346753,50,9645.676396
-10.087993,50,9651.578041
-8.638589,50,9657.6118
-8.886475,50,9663.5406
-7.885072,50,9669.48472
-9.384442,50,9675.443214
-10.499703,50,9681.326085
-9.923456,50,9687.183159
-10.737748,50,9693.121673
-9.568041,50,9699.08529
-11.245646,50,9704.958607
-9.587182,50,9711.313359
-9.663749,50,9717.532558
-9.520409,50,9723.332502
-10.003785,50,9729.141603
-13.256335,50,9735.016545
-9.991714,50,9740.836706
-9.285055,50,9746.839809
-8.856557,50,9752.689322
-13.516776,50,9758.52006
-8.835975,50,9764.519903
-15.53708,50,9770.505649
-11.220727,50,9776.483051
-11.314018,50,9782.726747
-13.376025,50,9788.703615
-9.804108,50,9794.545272
-10.218841,50,9800.420362
-11.982986,50,9806.258765
-18.093661,50,9812.061525
-10.670942,50,9817.933373
-12.525221,50,9823.788401
-13.393305,50,9829.60878
-15.003921,50,9835.835043
-9.053776,50,9841.475316
-15.472064,50,9847.321372
-14.739735,50,9853.228911
-11.528228,50,9858.920495
-13.064778,50,9864.820003
-14.818691,50,9870.788605
-8.033937,50,9876.504766
-7.182847,50,9882.249975
-10.668256,50,9888.056706
-11.372461,50,9893.896761
-11.121933,50,9899.983551
-7.842223,50,9905.754275
-8.097461,50,9911.976724
-15.059356,50,9918.066782
-10.066398,50,9924.17898
-6.172943,50,9930.203929
-9.483578,50,9936.132863
-13.032497,50,9941.947831
-11.190151,50,9947.721918
-10.831054,50,9953.70572
-9.138661,50,9960.592705
-8.898452,50,9966.56548
-13.218596,50,9972.3156
-8.953702,50,9977.993948
-15.769494,50,9983.700633
-8.982614,50,9989.76453
-16.671574,50,9995.526091
-12.870953,50,10001.141056
-10.417715,50,10006.793
-11.822894,50,10012.599716
-14.490075,50,10018.513975
-10.933465,50,10024.119334
-10.220823,50,10029.968552
-9.633159,50,10035.903975
-13.003063,50,10041.641821
-8.94831,50,10047.248403
-14.396263,50,10053.208824
-13.51242,50,10060.098737
-11.962075,50,10066.117801
-12.346398,50,10072.285312
-11.28411,50,10078.435251
-5.939798,50,10084.389884
-5.869585,50,10090.21383
-11.093418,50,10096.141864
-13.00971,50,10101.977409
-8.724784,50,10107.849805
-8.493573,50,10113.730289
-7.809283,50,10119.475633
-9.326203,50,10125.335832
-7.805011,50,10131.576388
-13.074053,50,10137.553332
-8.561409,50,10143.274832
-11.517964,50,10148.947751
-11.315428,50,10154.676372
-9.587579,50,10160.598565
-9.292028,50,10166.528167
-17.773174,50,10172.415095
-17.166475,50,10178.221662
-16.13893,50,10184.069446
-10.59956,50,10189.793909
-8.148557,50,10196.915913
-6.14452,50,10203.049329
-14.663972,50,10208.793658
-10.364127,50,10214.492163
-15.264995,50,10220.618517
-9.262735,50,10226.553848
-11.949595,50,10232.609596
-6.488035,50,10238.227665
-8.012131,50,10243.835029
-10.697912,50,10249.711294
-8.251701,50,10255.466144
-6.625775,50,10261.417529
-11.690455,50,10267.323438
-9.354623,50,10273.035364
-14.143973,50,10278.496139
-8.018407,50,10283.984215
-12.64964,50,10289.706797
-9.375938,50,10295.612422
-16.038396,50,10301.280591
-11.252416,50,10306.939013
-12.554049,50,10312.740395
-14.851819,50,10318.677614
-13.656972,50,10324.795754
-5.051652,50,10331.505598
-11.344778,50,10337.665645
-9.301908,50,10343.611049
-11.147991,50,10349.35645
-10.463061,50,10355.098939
-6.83565,50,10361.149086
