#{"t_start": 1777396576.1034884, "env_id": "None"}
r,l,t
-5.978301,100,2.13021
-9.114788,100,2.474477
-8.177445,100,2.797492
-6.992677,100,3.12443
-2.262499,100,3.435552
-4.248106,100,3.732172
-8.404956,100,4.029966
-3.600784,100,4.346468
-4.965265,100,4.676193
-1.907679,100,4.983302
-6.709691,100,5.278834
-3.616721,100,5.614904
-4.842944,100,5.933141
-2.777923,100,6.250951
-9.48332,100,6.558861
-9.001335,100,6.856189
-5.688464,100,7.149396
-9.260076,100,7.45093
-8.649978,100,7.748924
-8.214557,100,8.040854
-9.037651,100,10.502506
-4.401486,100,10.814036
-8.919447,100,11.115673
-7.919319,100,11.411532
-9.422601,100,11.737243
-6.406381,100,12.051967
-7.960413,100,12.367314
-5.188414,100,12.687989
-3.075624,100,13.015542
-4.678339,100,13.333344
-10.005377,100,13.654387
-8.398188,100,13.996836
-6.55764,100,14.314482
-7.187707,100,14.645867
-11.031399,100,14.987062
-9.40429,100,15.320902
-6.949716,100,15.651219
-7.817689,100,16.000943
-2.606495,100,16.33654
-7.300231,100,16.677493
-7.18083,100,19.021309
-3.04943,100,19.341274
-9.083429,100,19.638597
-8.065887,100,19.937004
-9.509607,100,20.249093
-6.796295,100,20.551311
-7.677351,100,20.874919
-8.254545,100,21.193697
-8.777807,100,21.504003
-6.253832,100,21.816796
-6.729466,100,22.135056
-9.621756,100,22.464816
-9.642568,100,22.797509
-10.334928,100,23.126257
-9.087436,100,23.470655
-8.322012,100,23.794943
-3.065676,100,24.130052
-8.088835,100,24.46989
-2.439632,100,24.806043
-4.56112,100,25.13725
-9.314845,100,25.475847
-5.73677,100,27.816399
-2.828088,100,28.116282
-9.393808,100,28.41488
-4.363776,100,28.715719
-6.044038,100,29.025756
-5.816802,100,29.321057
-8.774647,100,29.636627
-8.172277,100,29.948105
-9.311484,100,30.260089
-3.741532,100,30.573895
-5.678647,100,30.909288
-5.936045,100,31.275147
-8.014763,100,31.59796
-10.066121,100,31.927664
-6.421185,100,32.248994
-8.233884,100,32.578716
-7.499282,100,32.914697
-4.61356,100,33.249331
-9.055469,100,33.58153
-9.134821,100,33.924717
-11.31199,100,36.271003
-9.855755,100,36.571916
-4.964263,100,36.866993
-5.106353,100,37.193105
-9.537108,100,37.492086
-10.170579,100,37.799619
-5.914888,100,38.118491
-6.926164,100,38.431615
-4.671656,100,38.741924
-4.110892,100,39.072886
-8.420277,100,39.404872
-6.561505,100,39.725759
-5.209587,100,40.052667
-8.05853,100,40.384398
-9.971277,100,40.704367
-3.824801,100,41.033709
-6.223046,100,41.376649
-8.393499,100,41.702049
-8.590521,100,42.033594
-8.381406,100,42.373669
-7.932334,100,42.703075
-7.185999,100,45.02458
-3.41586,100,45.32521
-5.778705,100,45.641516
-9.078117,100,45.937923
-10.589447,100,46.239194
-3.388143,100,46.557434
-8.780439,100,46.864578
-11.41229,100,47.175405
-10.922979,100,47.500084
-7.292097,100,47.818175
-9.636079,100,48.135973
-9.892441,100,48.451363
-6.2263,100,48.781694
-6.314421,100,49.103324
-7.682893,100,49.425
-2.793796,100,49.765094
-4.370713,100,50.091831
-7.138829,100,50.417299
-6.930579,100,50.755579
-6.473724,100,51.09121
-6.265994,100,53.426778
-9.916605,100,53.738054
-8.788557,100,54.048491
-7.142038,100,54.345036
-8.262788,100,54.641246
-8.365204,100,54.953429
-4.560208,100,55.246097
-11.127531,100,55.5483
-6.734232,100,55.868518
-3.915762,100,56.19334
-8.251458,100,56.503788
-8.69885,100,56.820881
-8.242862,100,57.145058
-8.430185,100,57.463456
-5.684346,100,57.797649
-7.616755,100,58.137659
-8.300756,100,58.46447
-8.023925,100,58.798666
-11.042641,100,59.14007
-5.418783,100,59.472954
-3.956931,100,59.815043
-2.628612,100,62.174303
-10.323017,100,62.490314
-8.928456,100,62.78924
-8.866372,100,63.088012
-8.802463,100,63.391
-10.063896,100,63.702347
-7.206954,100,64.024321
-4.972821,100,64.340238
-8.043351,100,64.659705
-0.451188,100,64.982428
-9.8338,100,65.302057
-6.230107,100,65.62764
-10.20893,100,65.948226
-9.732708,100,66.278907
-6.399585,100,66.620219
-3.996556,100,66.950989
-8.835582,100,67.278153
-8.758756,100,67.621407
-1.492099,100,67.963687
-6.425172,100,68.316679
-9.975577,100,70.668794
-8.501342,100,70.97337
-5.293132,100,71.267195
-6.723811,100,71.565323
-5.205724,100,71.872631
-9.11711,100,72.183866
-6.802955,100,72.482533
-7.735692,100,72.803914
-7.297896,100,73.113641
-8.275094,100,73.426066
-6.232398,100,73.7372
-5.324832,100,74.072078
-9.36409,100,74.408063
-2.235922,100,74.737772
-9.13428,100,75.073905
-7.427059,100,75.396338
-10.044989,100,75.721058
-9.548437,100,76.061805
-1.252434,100,76.400371
-8.111806,100,76.728419
-9.452903,100,77.069197
-10.261632,100,79.396185
-8.245842,100,79.692948
-8.718532,100,79.993307
-8.789501,100,80.302233
-2.848146,100,80.615954
-7.853383,100,80.924975
-9.595933,100,81.252198
-4.233813,100,81.565113
-7.339227,100,81.8836
-8.754798,100,82.255664
-7.973759,100,82.628684
-2.48034,100,82.960842
-8.127402,100,83.304709
-8.37614,100,83.630392
-6.515724,100,83.961865
-8.063906,100,84.286208
-6.122772,100,84.638524
-8.172098,100,84.980422
-5.076799,100,85.31329
-4.191673,100,85.651309
-8.249833,100,88.018707
-9.530525,100,88.324124
-7.126909,100,88.632163
-4.083506,100,88.944173
-3.056783,100,89.246492
-4.470909,100,89.562949
-6.772357,100,89.891817
-7.760665,100,90.216659
-10.513611,100,90.53759
-7.342093,100,90.876034
-7.828438,100,91.201605
-10.700403,100,91.526838
-5.85953,100,91.8593
-8.996462,100,92.189608
-7.209033,100,92.513848
-7.293007,100,92.859083
-2.72224,100,93.197218
-5.157943,100,93.528193
-10.444193,100,93.870066
-7.149746,100,94.200874
-9.323899,100,94.536464
-5.032676,100,96.864721
-7.459941,100,97.179318
-6.016033,100,97.479124
-4.7596,100,97.777975
-7.119884,100,98.08778
-6.893986,100,98.387752
-6.533968,100,98.701459
-9.797782,100,99.028053
-8.13633,100,99.356341
-8.541261,100,99.685156
-11.904397,100,100.006349
-7.669542,100,100.337702
-8.937845,100,100.662189
-5.112722,100,100.987998
-9.296661,100,101.343415
-4.606585,100,101.673323
-4.376455,100,102.008525
-4.522348,100,102.354072
-6.058543,100,102.693737
-7.55408,100,103.029974
-5.908815,100,105.377501
-8.49406,100,105.692619
-9.49333,100,105.994015
-9.374398,100,106.305903
-10.558073,100,106.631132
-8.229529,100,106.95071
-11.063773,100,107.272627
-8.963376,100,107.597596
-7.855708,100,107.924618
-7.273502,100,108.245156
-4.447574,100,108.576453
-2.830131,100,108.900774
-11.141763,100,109.220965
-6.260253,100,109.553431
-5.487458,100,109.887121
-3.815296,100,110.216373
-3.72166,100,110.545861
-7.924994,100,110.890106
-9.953017,100,111.218338
-5.679966,100,111.559043
-6.289796,100,111.900807
-7.833008,100,114.242172
-3.86517,100,114.541814
-7.809177,100,114.844374
-3.11548,100,115.157598
-7.365182,100,115.45674
-3.636893,100,115.781632
-9.5027,100,116.119207
-9.513055,100,116.440195
-10.75588,100,116.763909
-8.532014,100,117.095902
-4.899394,100,117.416385
-11.191774,100,117.751009
-11.243027,100,118.090948
-9.744869,100,118.417327
-7.145952,100,118.743598
-7.596441,100,119.078475
-7.466645,100,119.417791
-9.256053,100,119.763883
-3.051526,100,120.09414
-7.633856,100,120.445605
-5.410582,100,122.779031
-7.511667,100,123.080104
-8.699686,100,123.387701
-9.643318,100,123.687729
-0.878244,100,123.995755
-8.641627,100,124.308222
-3.667124,100,124.631301
-7.538071,100,124.947247
-6.831274,100,125.267437
-9.800253,100,125.591895
-9.382067,100,125.920312
-8.462295,100,126.24276
-8.832809,100,126.574457
-7.314769,100,126.902444
-5.443013,100,127.224015
-8.2512,100,127.562668
-5.579851,100,127.903162
-7.631287,100,128.230732
-8.384431,100,128.572789
-4.304374,100,128.909968
-7.546849,100,129.245149
-8.615515,100,131.587541
-9.730629,100,131.895293
-10.007604,100,132.220468
-4.315425,100,132.520787
-5.872976,100,132.835529
-9.790359,100,133.151723
-4.63072,100,133.470424
-3.555547,100,133.791426
-1.930089,100,134.126256
-4.976691,100,134.453966
-4.22268,100,134.774671
-5.443534,100,135.1128
-9.146859,100,135.443755
-5.25595,100,135.768913
-7.382662,100,136.115767
-4.52215,100,136.453022
-2.755648,100,136.806936
-7.567982,100,137.151194
-5.734003,100,137.484992
-4.835275,100,137.82265
-4.311944,100,140.179574
-6.719372,100,140.486699
-2.902081,100,140.785127
-7.650139,100,141.09195
-8.836582,100,141.409334
-8.96858,100,141.721553
-7.873725,100,142.030875
-2.773789,100,142.359553
-3.645791,100,142.67898
-11.167235,100,142.998674
-7.962648,100,143.326048
-8.814165,100,143.652391
-8.73607,100,143.974743
-8.569117,100,144.305938
-8.156987,100,144.642604
-3.793579,100,144.972579
-6.811668,100,145.296973
-8.078866,100,145.631354
-5.8533,100,145.964688
-10.361419,100,146.301041
-8.588562,100,146.654048
-1.988264,100,148.971648
-7.58489,100,149.27583
-3.216942,100,149.57311
-7.457231,100,149.891161
-8.482926,100,150.203089
-5.108097,100,150.530852
-7.241384,100,150.859683
-5.542798,100,151.176243
-9.341701,100,151.497455
-8.759443,100,151.824916
-4.455688,100,152.146136
-8.414693,100,152.478237
-8.114338,100,152.820234
-4.625859,100,153.150089
-3.356652,100,153.480415
-7.733721,100,153.808002
-3.07773,100,154.156115
-3.844241,100,154.495063
-6.053078,100,154.849204
-5.576715,100,155.193556
-5.036392,100,157.520202
-5.552363,100,157.82033
-5.509035,100,158.140069
-9.135913,100,158.443056
-9.339373,100,158.762566
-6.981966,100,159.065384
-5.252042,100,159.392852
-3.661382,100,159.725995
-8.88031,100,160.051156
-6.617113,100,160.38535
-8.216481,100,160.711064
-6.771571,100,161.041583
-4.713439,100,161.383821
-3.614912,100,161.708323
-9.15764,100,162.038593
-3.830947,100,162.37706
-7.031048,100,162.709988
-4.987928,100,163.049142
-3.251447,100,163.384686
-6.560302,100,163.722981
-3.663968,100,164.063754
-6.988092,100,166.377573
-10.618807,100,166.690504
-9.39523,100,167.001489
-2.199221,100,167.30093
-8.290352,100,167.612189
-10.478346,100,167.926492
-6.453387,100,168.243986
-2.754857,100,168.559654
-9.644642,100,168.895984
-3.646244,100,169.223514
-11.253447,100,169.550146
-10.33181,100,169.885611
-8.730231,100,170.211111
-3.369641,100,170.537243
-5.288135,100,170.882433
-6.416078,100,171.2241
-6.382173,100,171.561664
-3.593716,100,171.902874
-5.067129,100,172.23419
-7.976063,100,172.565834
-3.914057,100,174.907715
-5.990864,100,175.224761
-7.950523,100,175.525088
-5.258498,100,175.826718
-3.025826,100,176.136821
-3.842626,100,176.434757
-10.125832,100,176.751072
-10.315183,100,177.077089
-2.97143,100,177.406867
-9.187302,100,177.726699
-6.304917,100,178.050706
-4.29393,100,178.382397
-9.18137,100,178.706038
-7.715342,100,179.034952
-3.965672,100,179.387745
-7.764936,100,179.719195
-5.49026,100,180.054391
-7.017302,100,180.392812
-11.108056,100,180.722193
-5.862829,100,181.055094
-10.63327,100,181.409412
-9.27522,100,183.753426
-10.088678,100,184.056546
-3.66107,100,184.353843
-6.193381,100,184.67355
-4.746063,100,184.979354
-9.77869,100,185.290212
-2.910992,100,185.620855
-5.152684,100,185.943286
-4.98639,100,186.266848
-7.537588,100,186.595186
-9.958056,100,186.914485
-3.673748,100,187.237354
-5.796814,100,187.570088
-3.924269,100,187.914687
-9.268822,100,188.238052
-3.488943,100,188.570527
-6.608717,100,188.915221
-7.595711,100,189.251588
-5.677786,100,189.582481
-6.903825,100,189.934932
-7.653073,100,192.309
-8.666499,100,192.609779
-2.695608,100,192.923894
-3.834247,100,193.235184
-8.350287,100,193.545046
-3.398227,100,193.874808
-7.831678,100,194.205323
-2.979596,100,194.51793
-3.681057,100,194.837439
-9.587196,100,195.166387
-3.247601,100,195.489507
-5.014928,100,195.818339
-11.172866,100,196.157373
-6.640776,100,196.486774
-7.441402,100,196.811044
-5.636015,100,197.148312
-5.901327,100,197.477001
-6.298574,100,197.804547
-9.079248,100,198.148971
-7.614897,100,198.476538
-10.423787,100,198.808323
-10.017388,100,201.106645
-5.693495,100,201.416983
-7.278303,100,201.717683
-8.206157,100,202.024425
-8.125445,100,202.327343
-10.387037,100,202.639603
-2.246239,100,202.964002
-9.115735,100,203.285474
-9.293094,100,203.616018
-9.576436,100,203.937466
-3.625026,100,204.278488
-4.628753,100,204.616075
-4.849536,100,204.940747
-2.404908,100,205.268171
-8.083799,100,205.598212
-5.773256,100,205.929654
-4.713448,100,206.269909
-3.577786,100,206.611579
-4.015682,100,206.943813
-7.439061,100,207.277935
-11.669443,100,209.597358
-8.373864,100,209.91753
-9.447014,100,210.217122
-6.681887,100,210.52538
-7.232597,100,210.834212
-8.870739,100,211.132791
-11.5514,100,211.445519
-3.784469,100,211.759806
-7.774037,100,212.095293
-2.394438,100,212.427937
-8.465299,100,212.753336
-10.359186,100,213.086232
-8.504221,100,213.412457
-8.180996,100,213.738826
-6.676039,100,214.075416
-5.8459,100,214.416085
-4.372307,100,214.749686
-2.774494,100,215.087993
-7.903889,100,215.415202
-9.109736,100,215.745192
-8.035779,100,216.089293
-7.545058,100,218.403494
-6.386907,100,218.711558
-9.745241,100,219.010884
-9.533968,100,219.321887
-4.168721,100,219.631667
-7.251659,100,219.946248
-7.276197,100,220.262967
-5.151865,100,220.601824
-11.294623,100,220.927023
-6.675034,100,221.244537
-2.361393,100,221.577977
-10.272505,100,221.902883
-2.996988,100,222.224216
-7.778295,100,222.554012
-5.023888,100,222.884212
-3.58523,100,223.209413
-4.456989,100,223.558797
-9.846101,100,223.891545
-7.972395,100,224.224459
-4.471623,100,224.562676
-8.866252,100,226.976829
-3.817911,100,227.276055
-9.333248,100,227.581684
-11.802714,100,227.90434
-3.507206,100,228.212422
-10.683655,100,228.52686
-7.806378,100,228.865981
-7.074157,100,229.185776
-9.507633,100,229.503421
-10.268412,100,229.833479
-2.246004,100,230.164051
-7.932499,100,230.482804
-7.538287,100,230.815219
-3.401559,100,231.150616
-3.187345,100,231.476123
-8.024155,100,231.804716
-4.191447,100,232.149391
-5.906783,100,232.482301
-2.817231,100,232.815197
-4.692548,100,233.162779
-1.08993,100,235.511969
-10.365338,100,235.821177
-3.661166,100,236.129309
-6.497388,100,236.431381
-6.409048,100,236.729507
-10.360989,100,237.03187
-10.539445,100,237.356583
-8.775135,100,237.672049
-6.802289,100,237.993721
-9.872346,100,238.323847
-7.564971,100,238.648284
-7.793567,100,238.969416
-7.759477,100,239.30849
-8.940395,100,239.631221
-6.049108,100,239.960374
-8.921503,100,240.299898
-8.191322,100,240.637573
-5.210147,100,240.969481
-10.536903,100,241.310677
-7.889073,100,241.653801
-9.147113,100,241.989086
-9.483804,100,244.390182
-3.382098,100,244.698104
-4.467016,100,245.003756
-10.766123,100,245.314892
-7.400309,100,245.628844
-3.68147,100,245.940551
-10.140207,100,246.257513
-5.346166,100,246.578347
-8.860458,100,246.903339
-8.429214,100,247.225626
-8.395142,100,247.557871
-9.510866,100,247.89847
-3.551288,100,248.223649
-9.456579,100,248.545359
-8.66255,100,248.888766
-6.954624,100,249.225106
-9.765964,100,249.572413
-6.730829,100,249.919236
-5.56768,100,250.24966
-7.329967,100,250.581772
-10.120317,100,252.915226
-3.38764,100,253.228034
-8.200799,100,253.53998
-8.432363,100,253.848446
-4.8225,100,254.167822
-5.232079,100,254.47511
-6.774783,100,254.788104
-2.543816,100,255.112841
-6.390715,100,255.427969
-8.976977,100,255.757794
-10.390485,100,256.102692
-3.802402,100,256.421525
-7.958706,100,256.749684
-6.880732,100,257.077429
-11.298495,100,257.408954
-5.936465,100,257.750861
-9.041592,100,258.076479
-3.15731,100,258.411861
-7.131367,100,258.741537
-9.446023,100,259.074005
-6.073685,100,259.421632
-10.901033,100,261.756379
-7.157176,100,262.065016
-8.166689,100,262.369018
-6.661452,100,262.684418
-5.744389,100,262.993475
-8.642663,100,263.30655
-10.913866,100,263.632945
-7.726052,100,263.959391
-8.546985,100,264.278434
-3.849231,100,264.617557
-6.812381,100,264.93852
-10.540826,100,265.258314
-10.257398,100,265.587881
-3.834851,100,265.921793
-10.060761,100,266.24971
-8.003199,100,266.571581
-7.769189,100,266.908382
-10.162135,100,267.245132
-7.576529,100,267.575687
-9.553342,100,267.915674
-10.4981,100,270.242343
-11.249126,100,270.543404
-5.396502,100,270.860425
-9.187463,100,271.164895
-5.35089,100,271.474646
-7.365565,100,271.782992
-3.393284,100,272.118782
-9.821104,100,272.431792
-9.747192,100,272.741846
-7.18381,100,273.072618
-10.291205,100,273.388279
-5.131738,100,273.707726
-5.082849,100,274.035739
-2.209082,100,274.362988
-7.619825,100,274.686183
-12.393413,100,275.007768
-6.287839,100,275.348724
-8.528257,100,275.689005
-4.409873,100,276.015177
-2.242345,100,276.366485
-10.75531,100,276.697837
-8.882245,100,279.010923
-6.330921,100,279.316457
-3.099376,100,279.614914
-2.623125,100,279.921768
-7.622477,100,280.227472
-10.829826,100,280.552978
-9.491442,100,280.868285
-6.508305,100,281.182944
-9.923308,100,281.512323
-7.064332,100,281.833122
-8.844879,100,282.154929
-8.326726,100,282.494359
-7.824685,100,282.809018
-9.16547,100,283.139711
-8.695093,100,283.471589
-6.551224,100,283.797108
-7.289822,100,284.127611
-6.337006,100,284.46235
-9.636675,100,284.799661
-14.961748,100,285.131322
-4.541005,100,287.469606
-6.928991,100,287.789869
-4.157707,100,288.090722
-3.540399,100,288.386364
-7.188289,100,288.705264
-8.86799,100,289.026046
-6.025276,100,289.341775
-4.958758,100,289.658652
-6.395629,100,289.986309
-8.966045,100,290.306098
-2.833666,100,290.642029
-8.775928,100,290.979589
-14.025467,100,291.305996
-4.964188,100,291.627728
-6.950654,100,291.965264
-6.653568,100,292.292163
-8.605844,100,292.627308
-9.057081,100,292.978669
-7.691019,100,293.319512
-8.980756,100,293.651139
-8.613511,100,293.987828
-3.840207,100,296.322768
-9.815025,100,296.623154
-7.17208,100,296.938573
-5.506533,100,297.257201
-7.678476,100,297.566729
-9.277666,100,297.876551
-1.237575,100,298.192005
-4.24009,100,298.52239
-5.295171,100,298.855926
-7.661118,100,299.17743
-8.158352,100,299.510248
-8.317791,100,299.840085
-7.723044,100,300.163053
-7.189732,100,300.502327
-3.700036,100,300.824582
-1.625844,100,301.162113
-8.6113,100,301.502334
-10.450493,100,301.828747
-0.574575,100,302.160536
-6.622354,100,302.502096
-8.2721,100,304.819582
-8.634986,100,305.140202
-8.16948,100,305.43885
-9.011854,100,305.754848
-9.1488,100,306.054715
-6.799864,100,306.369937
-6.221321,100,306.691972
-1.764769,100,307.010694
-7.094926,100,307.334968
-4.965817,100,307.656211
-8.81498,100,307.98464
-9.999212,100,308.31123
-9.257757,100,308.627859
-2.970829,100,308.962606
-4.531393,100,309.295416
-3.638551,100,309.627294
-6.997709,100,309.979475
-8.199181,100,310.319239
-8.373404,100,310.645194
-7.662415,100,310.984721
-7.310865,100,311.324541
-10.495491,100,313.695212
-6.27253,100,314.008834
-3.739823,100,314.355214
-7.614364,100,314.674732
-4.784485,100,314.991644
-4.458064,100,315.330589
-7.089985,100,315.638729
-4.656701,100,315.952995
-1.642033,100,316.26354
-6.392378,100,316.574874
-9.407025,100,316.884862
-7.813209,100,317.188796
-11.31753,100,317.49239
-12.497943,100,317.788944
-10.677346,100,318.099214
-4.666108,100,318.407989
-1.657243,100,318.7282
-3.40877,100,319.043628
-7.231051,100,319.374307
-5.134996,100,319.705215
-10.922399,100,322.059629
-6.348555,100,322.367794
-2.161598,100,322.684382
-5.236276,100,322.990181
-9.758505,100,323.296944
-8.621374,100,323.630027
-7.322036,100,323.944952
-6.945448,100,324.260925
-6.715635,100,324.587795
-1.7514,100,324.905475
-10.742718,100,325.226618
-9.041756,100,325.549149
-6.268802,100,325.883546
-9.234557,100,326.202398
-5.327605,100,326.526204
-4.646939,100,326.8616
-5.580264,100,327.189181
-3.000116,100,327.516861
-4.07517,100,327.85945
-8.401066,100,328.194778
-8.792563,100,328.523995
-5.597079,100,330.839698
-8.756795,100,331.147309
-2.952658,100,331.452986
-8.426359,100,331.757021
-4.352621,100,332.088558
-7.233085,100,332.400784
-3.205026,100,332.711431
-4.62084,100,333.036999
-3.856977,100,333.356773
-7.068565,100,333.677592
-8.462717,100,334.012524
-4.656367,100,334.331
-8.63696,100,334.659394
-5.238148,100,334.979273
-10.70205,100,335.313273
-4.930488,100,335.65293
-3.918811,100,335.993887
0.262521,100,336.338412
-3.73975,100,336.6745
-7.981268,100,337.007822
-5.86527,100,339.370127
-6.69913,100,339.6782
-3.523226,100,339.976386
-13.090503,100,340.281936
-5.797096,100,340.587027
-9.455798,100,340.899005
-3.642566,100,341.211493
-9.644232,100,341.539956
-7.773819,100,341.861353
-8.166501,100,342.190881
-7.302512,100,342.527276
-8.724609,100,342.86133
-4.928543,100,343.183318
-5.515296,100,343.52034
-5.917738,100,343.850745
-7.104877,100,344.178073
-8.765576,100,344.529927
-3.23067,100,344.862531
-5.400503,100,345.200587
-9.159963,100,345.530265
-8.674341,100,345.872772
-4.286478,100,348.181619
-9.44228,100,348.493894
-9.379098,100,348.802756
-5.351622,100,349.111309
-5.077493,100,349.415726
-7.07603,100,349.728512
-10.740279,100,350.055405
-3.967998,100,350.373535
-4.018034,100,350.69542
-1.413369,100,351.031317
-4.585572,100,351.354448
-7.782377,100,351.674914
-4.267353,100,352.009011
-3.352855,100,352.338226
-11.945287,100,352.675803
-6.662616,100,353.009895
-9.543552,100,353.340951
-10.681075,100,353.67177
-9.396239,100,354.003284
-4.355026,100,354.339618
-7.096519,100,356.689399
-8.327679,100,356.987832
-7.351977,100,357.297045
-9.088172,100,357.603401
-9.973682,100,357.91805
-8.128335,100,358.242595
-6.706358,100,358.554559
-3.597052,100,358.888601
-9.507582,100,359.205362
-6.777621,100,359.532432
-11.103538,100,359.853522
-3.202504,100,360.173057
-10.963487,100,360.504828
-8.3131,100,360.836713
-2.570523,100,361.164631
-4.649894,100,361.499629
-6.50911,100,361.825249
-3.718063,100,362.154604
-7.909111,100,362.495361
-5.549548,100,362.840812
-2.455622,100,363.172271
-7.422663,100,365.505995
-3.992741,100,365.821791
-5.183491,100,366.122511
-9.540969,100,366.42843
-10.285779,100,366.75731
-10.382459,100,367.08307
-11.281001,100,367.400444
-7.138985,100,367.727581
-8.768695,100,368.052138
-8.73411,100,368.37708
-3.660162,100,368.694291
-4.157345,100,369.039767
-8.776122,100,369.364468
-7.707611,100,369.689036
-8.125583,100,370.02925
-8.34192,100,370.358763
-6.047344,100,370.692304
-4.133274,100,371.044918
-4.360239,100,371.382734
-7.273204,100,371.718635
-4.584795,100,374.122386
-6.705647,100,374.424716
-3.401696,100,374.725966
-6.632963,100,375.020893
-4.671497,100,375.33894
-7.515458,100,375.641212
-3.969069,100,375.95557
-8.339089,100,376.287205
-5.020907,100,376.612194
-1.367919,100,376.940484
-8.6594,100,377.287269
-4.261724,100,377.61757
-5.509751,100,377.941965
-8.072725,100,378.280888
-9.08865,100,378.606019
-7.373215,100,378.937599
-4.615636,100,379.277534
-6.191605,100,379.611172
-6.370435,100,379.943211
-6.405231,100,380.278329
-4.221986,100,380.620859
-10.626044,100,382.929596
-9.324554,100,383.235781
-8.709237,100,383.562252
-8.132821,100,383.871426
-7.910847,100,384.177712
-4.709595,100,384.497748
-8.103586,100,384.822834
-7.299828,100,385.142723
-7.871526,100,385.473411
-2.107486,100,385.80125
-11.413618,100,386.12035
-10.733205,100,386.443715
-12.139391,100,386.769588
-6.80549,100,387.095529
-11.323019,100,387.416443
-11.254252,100,387.754847
-6.228681,100,388.08132
-4.693797,100,388.41171
-9.870963,100,388.74235
-5.806416,100,389.082756
-2.464047,100,391.46377
-9.120191,100,391.774157
-7.652895,100,392.085571
-7.236772,100,392.393166
-10.49396,100,392.693772
-3.989785,100,392.999232
-4.165752,100,393.317578
-6.577316,100,393.643739
-10.748692,100,393.959826
-10.443676,100,394.289248
-1.199879,100,394.611067
-4.415702,100,394.938205
-3.226453,100,395.273432
-5.863448,100,395.593314
-4.721328,100,395.932513
-4.187036,100,396.266574
-7.383654,100,396.600069
-10.510528,100,396.928602
-8.69087,100,397.263981
-9.313005,100,397.597074
-3.318677,100,397.939487
-10.39447,100,400.313822
-11.162777,100,400.620309
-4.319062,100,400.92573
-9.307214,100,401.236308
-6.29649,100,401.555631
-10.072755,100,401.879597
-3.710734,100,402.195662
-6.328305,100,402.521416
-11.367536,100,402.842744
-8.84654,100,403.162972
-6.98261,100,403.480479
-5.510493,100,403.814531
-7.817075,100,404.154403
-6.684431,100,404.478282
-9.787548,100,404.812985
-6.610791,100,405.143303
-7.442158,100,405.475925
-2.926567,100,405.819696
-5.792099,100,406.163907
-3.342121,100,406.495721
-6.418323,100,408.804509
-8.770737,100,409.10676
-3.558063,100,409.404097
-4.01026,100,409.704375
-8.203941,100,410.010971
-9.750278,100,410.330329
-5.692633,100,410.647917
-3.740104,100,410.973758
-8.218726,100,411.294915
-8.867669,100,411.611669
-5.96602,100,411.941551
-4.366237,100,412.275478
-6.800727,100,412.597999
-8.938322,100,412.927404
-7.311413,100,413.262648
-7.875172,100,413.58574
-4.513398,100,413.914947
-9.194676,100,414.261748
-6.22062,100,414.605327
-5.187502,100,414.940299
-6.056182,100,415.280749
-5.674315,100,417.582763
-7.095586,100,417.888179
-7.000266,100,418.191753
-8.71348,100,418.510666
-6.986852,100,418.813087
-7.862997,100,419.126464
-10.379873,100,419.518266
-6.374994,100,419.895938
-8.611244,100,420.224331
-1.973387,100,420.565844
-10.538488,100,421.055238
-4.266291,100,421.495545
-3.232484,100,421.971626
-8.830932,100,422.488581
-1.61211,100,422.827895
-9.617042,100,423.330733
-5.786711,100,423.84299
-8.917535,100,424.208492
-3.528734,100,424.629513
-8.672866,100,424.974301
