#{"t_start": 1777040594.7399514, "env_id": "None"}
r,l,t
-5.172593,100,2.762667
-2.021232,100,3.042733
-7.434457,100,3.290654
-3.315722,100,3.6005
-3.633591,100,3.870746
-4.842807,100,4.145977
-2.673104,100,4.384212
-4.61335,100,4.647602
-7.799944,100,4.898604
-5.935705,100,5.174898
-2.027942,100,5.410127
-1.720913,100,5.673878
-4.359007,100,5.982462
-4.56378,100,6.28979
-3.177819,100,6.595813
-5.394503,100,6.943354
-5.711068,100,7.286944
-4.08178,100,7.614765
-4.998517,100,7.928538
-6.305052,100,8.2324
-5.167416,100,19.488262
-4.005507,100,19.855016
-3.249128,100,20.1701
-3.039387,100,20.464447
-6.173357,100,20.756392
-2.31313,100,21.071388
-3.120682,100,21.339934
-3.639181,100,21.623985
-1.747359,100,21.925239
-3.38736,100,22.203556
-3.093848,100,22.481095
-3.195633,100,22.757308
-3.216254,100,23.046876
-4.821723,100,23.318021
-2.059183,100,23.585479
-3.130502,100,23.878361
-2.677878,100,24.161823
-2.022191,100,24.428885
-3.34474,100,24.698784
-7.484963,100,24.97731
-5.263625,100,35.54849
-2.708106,100,35.829175
-1.570795,100,36.144566
-2.573227,100,36.531514
-4.618533,100,36.903144
-6.055205,100,37.26568
-4.076057,100,37.63124
-2.120809,100,38.134634
-1.396858,100,38.517028
-4.811173,100,38.840851
-3.908648,100,39.231631
-3.539625,100,39.597207
-3.82866,100,40.036416
-3.633818,100,40.358324
-2.470689,100,40.705635
-2.479659,100,41.117705
-2.678892,100,41.438262
-3.003991,100,41.712411
-4.029213,100,42.00471
-3.864031,100,42.279978
-2.478712,100,42.609951
-2.316837,100,53.475517
-2.425161,100,53.760647
-2.226604,100,54.037738
-3.153548,100,54.332434
-4.737359,100,54.622164
-3.784491,100,54.901253
-3.930384,100,55.193403
-2.264502,100,55.475122
-4.586377,100,55.758997
-1.825529,100,56.034466
-1.996791,100,56.335875
-3.4535,100,56.609667
-4.159164,100,56.913552
-4.33868,100,57.219697
-2.4342,100,57.516372
-2.925868,100,57.827843
-2.981752,100,58.122002
-2.486188,100,58.460913
-1.829065,100,58.900034
-3.859085,100,59.227364
-1.988179,100,69.670142
-3.314031,100,69.967076
-4.327349,100,70.27413
-4.837295,100,70.570841
-2.786472,100,70.867002
-3.88694,100,71.214386
-3.230146,100,71.601301
-5.751836,100,71.886655
-2.253883,100,72.2674
-2.026452,100,72.560086
-1.479875,100,72.876012
-3.583313,100,73.156307
-3.508748,100,73.446682
-2.17201,100,73.792059
-4.544508,100,74.095253
-3.381057,100,74.394086
-1.519197,100,74.669294
-3.510162,100,74.955585
-4.177178,100,75.247082
-1.942714,100,75.525764
-2.238895,100,75.815971
-2.436014,100,87.524156
-2.511816,100,87.862246
-3.340234,100,88.215612
-2.213083,100,88.54019
-3.174959,100,88.947518
-4.026831,100,89.415048
-5.375015,100,89.775425
-4.512578,100,90.120713
-1.565773,100,90.440337
-1.571392,100,90.817411
-1.460027,100,91.135177
-3.268131,100,91.455176
-3.776821,100,91.810447
-3.452812,100,92.190016
-2.89187,100,92.487157
-1.705634,100,92.775084
-2.709733,100,93.088851
-3.849779,100,93.389412
-1.777752,100,93.690648
-1.813185,100,93.975221
-3.449855,100,105.505449
-4.51321,100,105.823636
-3.454627,100,106.182575
-5.17817,100,106.503222
-2.166218,100,106.818689
-2.569331,100,107.149663
-2.978737,100,107.485397
-1.904003,100,107.820988
-3.424702,100,108.178499
-1.795671,100,108.517874
-4.029405,100,108.854926
-4.256409,100,109.193096
-3.518836,100,109.539787
-2.933325,100,109.864741
-2.045417,100,110.220427
-2.162264,100,110.570547
-2.857365,100,110.904678
-3.326462,100,111.248419
-1.588389,100,111.584415
-1.273381,100,111.966552
-4.160025,100,112.365927
-4.412476,100,123.818352
-3.262214,100,124.147373
-2.278532,100,124.459168
-4.76823,100,124.889157
-1.505569,100,125.319788
-3.066886,100,125.791071
-3.541951,100,126.176255
-3.742308,100,126.4947
-2.797573,100,126.823703
-3.130402,100,127.140423
-1.593609,100,127.455317
-2.816528,100,127.804931
-4.263254,100,128.165234
-4.451964,100,128.497637
-2.871886,100,128.843164
-2.70718,100,129.239837
-2.6552,100,129.576683
-2.442561,100,129.9289
-3.631,100,130.265328
-3.846205,100,130.605175
-2.190688,100,141.344261
-3.957534,100,141.668103
-3.61194,100,141.987701
-3.29834,100,142.325448
-4.425332,100,142.658441
-1.324768,100,142.980746
-4.058026,100,143.292617
-2.925043,100,143.571967
-2.874115,100,143.871643
-3.926569,100,144.174169
-1.992873,100,144.594233
-3.736001,100,144.932061
-3.194834,100,145.236324
-2.679632,100,145.537286
-4.66791,100,145.932273
-3.641939,100,146.390787
-2.306611,100,146.725151
-4.581403,100,147.19349
-4.402874,100,147.562327
-1.991115,100,147.941291
-2.508076,100,148.299133
-3.554231,100,159.549939
-4.43906,100,159.899837
-4.700852,100,160.405868
-1.22513,100,160.778782
-2.371725,100,161.190667
-1.929571,100,161.604098
-3.866386,100,162.003339
-2.674282,100,162.429618
-4.519027,100,162.782092
-3.519568,100,163.14373
-4.822749,100,163.460353
-2.539312,100,163.794041
-4.835227,100,164.124511
-5.046563,100,164.437768
-2.231677,100,164.745843
-2.754889,100,165.088765
-3.827291,100,165.407136
-4.5599,100,165.701385
-4.384231,100,165.999487
-2.09799,100,166.293711
-2.927763,100,176.86252
-2.751549,100,177.185257
-3.408265,100,177.486764
-3.767692,100,177.775518
-3.535328,100,178.077165
-1.564032,100,178.366344
-3.153238,100,178.676394
-3.662618,100,178.990575
-4.54607,100,179.317188
-4.550238,100,179.657125
-5.725537,100,180.01965
-3.770906,100,180.376812
-1.003366,100,180.735204
-4.093907,100,181.105679
-3.645085,100,181.475918
-1.463391,100,181.834997
-2.418836,100,182.202317
-4.341902,100,182.558233
-1.811427,100,182.915621
-2.044236,100,183.278271
-4.157468,100,183.643911
-3.776374,100,194.375197
-2.087871,100,194.674032
-3.299753,100,194.968596
-3.722867,100,195.267464
-2.443673,100,195.556273
-4.185782,100,195.85155
-3.770683,100,196.140751
-3.431055,100,196.44327
-3.495848,100,196.748326
-1.902148,100,197.043131
-5.46495,100,197.349988
-1.384004,100,197.636826
-3.86572,100,197.932051
-3.970506,100,198.217668
-4.152726,100,198.508561
-2.924705,100,198.814382
-2.043047,100,199.287892
-1.487794,100,199.607302
-4.151413,100,199.924703
-1.666384,100,200.234876
-5.095232,100,210.576686
-2.519683,100,210.902303
-4.616911,100,211.215585
-4.585004,100,211.548617
-4.714847,100,211.898553
-2.527575,100,212.253148
-3.704163,100,212.585484
-4.743768,100,212.926853
-3.274334,100,213.269116
-3.819467,100,213.633199
-2.736682,100,213.998802
-4.14665,100,214.347948
-1.579417,100,214.79259
-1.392489,100,215.162901
-5.306039,100,215.603783
-2.156067,100,215.967263
-3.801502,100,216.325629
-2.345541,100,216.660675
-4.259012,100,216.979253
-2.263158,100,217.449147
-4.069167,100,217.763705
-4.41122,100,228.477364
-1.607285,100,228.788425
-2.079248,100,229.10398
-2.345224,100,229.538417
-3.66869,100,229.892903
-1.723168,100,230.2401
-1.858764,100,230.559623
-1.781627,100,230.93868
-4.745796,100,231.328264
-1.658665,100,231.706399
-3.174701,100,232.035449
-2.262966,100,232.353503
-4.821834,100,232.676232
-4.133343,100,233.017305
-2.871594,100,233.339537
-4.729531,100,233.657054
-3.034953,100,233.978165
-4.914312,100,234.301062
-4.059601,100,234.590035
-3.318074,100,234.886524
-3.363097,100,245.231082
-2.060731,100,245.549162
-2.78916,100,245.865542
-3.284258,100,246.170002
-4.371392,100,246.46305
-2.230052,100,246.779835
-1.127159,100,247.119602
-3.744776,100,247.449922
-4.01657,100,247.796589
-1.915516,100,248.265618
-3.208427,100,248.602864
-2.158422,100,249.05681
-1.559095,100,249.395868
-2.856679,100,249.75165
-1.324902,100,250.124794
-4.235857,100,250.507372
-4.568247,100,250.970534
-3.824384,100,251.377483
-5.003016,100,251.730238
-3.939908,100,252.088286
-5.443129,100,252.467015
-3.226236,100,263.041784
-3.718858,100,263.35943
-3.799094,100,263.674495
-4.664794,100,264.002279
-2.118897,100,264.317704
-4.79161,100,264.625326
-4.613473,100,264.913976
-3.655009,100,265.235702
-2.083773,100,265.528681
-4.446018,100,265.828303
-3.802536,100,266.130824
-3.283736,100,266.41167
-3.646382,100,266.710298
-3.318827,100,267.024025
-1.482495,100,267.338038
-3.085491,100,267.646611
-2.759695,100,267.945337
-3.890262,100,268.242843
-2.601649,100,268.526013
-1.376592,100,268.821424
-1.715491,100,279.405537
-2.01758,100,279.741128
-3.058788,100,280.121184
-2.425417,100,280.466051
-4.773487,100,280.806677
-3.678942,100,281.157068
-2.466106,100,281.474207
-1.984804,100,281.85575
-2.096509,100,282.22108
-2.067161,100,282.553169
-4.884349,100,282.897918
-1.841632,100,283.236418
-4.015245,100,283.559271
-4.843018,100,284.102709
-1.972295,100,284.542233
-3.406817,100,284.941984
-5.176169,100,285.238938
-4.942024,100,285.545233
-2.221729,100,285.834313
-4.061757,100,286.131275
-4.295076,100,286.420676
-3.371552,100,296.922657
-3.377706,100,297.240594
-2.982741,100,297.534106
-3.906622,100,297.828639
-2.503891,100,298.130696
-3.297562,100,298.431891
-3.105364,100,298.730916
-5.060334,100,299.02464
-2.381505,100,299.325812
-4.905323,100,299.636812
-2.591362,100,299.938828
-3.740638,100,300.261268
-4.292912,100,300.574314
-1.23677,100,300.894604
-3.519901,100,301.225258
-2.896318,100,301.555233
-4.525004,100,301.884396
-3.485806,100,302.20463
-3.444684,100,302.525399
-2.386008,100,302.845598
-2.473534,100,313.218713
-5.020146,100,313.538585
-3.605385,100,313.89378
-4.64996,100,314.249173
-2.958362,100,314.631282
-1.417583,100,315.04263
-2.588764,100,315.424531
-2.992431,100,315.892155
-3.249232,100,316.360476
-1.328446,100,316.719876
-2.947364,100,317.065853
-3.295098,100,317.411897
-3.289568,100,317.746734
-2.047037,100,318.084445
-2.840414,100,318.4269
-6.331381,100,318.783545
-4.122044,100,319.12468
-3.591602,100,319.472776
-2.882838,100,319.810699
-3.752289,100,320.146105
-3.671829,100,320.473086
-3.862896,100,330.748425
-2.875984,100,331.076613
-3.315093,100,331.393866
-3.46463,100,331.728832
-3.049734,100,332.046738
-5.636748,100,332.366704
-4.036202,100,332.690996
-4.529243,100,333.004378
-1.70763,100,333.339528
-4.641298,100,333.685175
-2.420146,100,334.0324
-3.037339,100,334.45113
-2.338365,100,334.827721
-3.286283,100,335.226982
-3.55785,100,335.621619
-2.949099,100,335.994538
-4.072234,100,336.387905
-3.997181,100,336.729909
-4.093972,100,337.044382
-4.926232,100,337.337854
-2.651188,100,348.461203
-2.338103,100,348.759776
-1.659787,100,349.082331
-2.141111,100,349.368795
-3.573075,100,349.680767
-3.990414,100,349.980793
-3.594092,100,350.269563
-4.235986,100,350.563088
-3.672886,100,350.859234
-4.457288,100,351.189006
-1.593261,100,351.502187
-5.107176,100,351.826552
-3.966832,100,352.148936
-2.588176,100,352.453058
-3.729287,100,352.785608
-1.822614,100,353.119414
-1.005963,100,353.437513
-4.166395,100,353.763209
-2.676436,100,354.082055
-2.87666,100,354.395838
-2.813289,100,354.700836
-4.539926,100,365.39815
-3.27304,100,365.704187
-2.514999,100,366.040933
-3.063398,100,366.362486
-2.832402,100,366.658771
-3.099951,100,366.963678
-1.419613,100,367.264991
-4.67111,100,367.561089
-3.484026,100,367.857918
-4.968306,100,368.172912
-2.228475,100,368.473243
-3.761601,100,368.781643
-2.41263,100,369.172831
-2.851436,100,369.471463
-0.989163,100,369.765287
-3.594954,100,370.08901
-3.514847,100,370.406868
-2.604657,100,370.717075
-1.069534,100,371.023701
-4.488046,100,371.330872
-3.87734,100,382.256565
-3.361067,100,382.706846
-2.233129,100,383.095917
-1.450808,100,383.53432
-4.523562,100,383.913361
-2.985295,100,384.287484
-4.353435,100,384.666643
-3.374409,100,385.046003
-5.010108,100,385.443995
-4.286864,100,385.850772
-2.936251,100,386.343813
-3.512706,100,386.706068
-1.427978,100,387.080295
-2.572176,100,387.536685
-5.291379,100,388.031708
-3.917857,100,388.379521
-2.258794,100,388.806113
-1.793616,100,389.240063
-4.445087,100,389.635365
-3.474429,100,390.069746
-1.771032,100,390.443048
-2.718262,100,401.559392
-3.301111,100,401.890549
-2.207968,100,402.299604
-4.4881,100,402.718588
-3.172231,100,403.034236
-1.912798,100,403.361203
-3.424338,100,403.657517
-4.03867,100,404.057359
-2.286855,100,404.464916
-2.907475,100,404.784061
-2.734126,100,405.229584
-4.030915,100,405.642848
-1.992882,100,405.972847
-2.219718,100,406.289417
-3.707855,100,406.59937
-1.299418,100,407.021983
-4.089014,100,407.597233
-2.770436,100,408.038428
-3.616356,100,408.424982
-2.386527,100,408.848914
-3.785254,100,420.916561
-2.952239,100,421.23344
-3.681661,100,421.593216
-3.748231,100,421.939725
-3.909802,100,422.263397
-3.595165,100,422.549007
-2.43633,100,422.842352
-3.631383,100,423.146883
-3.384342,100,423.430698
-2.736548,100,423.712227
-1.58563,100,423.997429
-2.247809,100,424.31055
-1.133608,100,424.590077
-1.960756,100,424.88497
-4.252611,100,425.212091
-3.012601,100,425.512028
-4.600964,100,425.840005
-2.126133,100,426.147588
-1.508566,100,426.510801
-3.644377,100,426.831783
-2.784252,100,427.167208
-2.224193,100,437.974465
-1.943523,100,438.298681
-3.036113,100,438.609022
-2.895996,100,438.922388
-2.143542,100,439.239452
-4.209831,100,439.57244
-3.271222,100,439.886631
-2.962097,100,440.201831
-1.149277,100,440.487044
-4.117189,100,440.779808
-4.265958,100,441.075418
-2.931805,100,441.364486
-4.41378,100,441.681504
-2.892313,100,441.968205
-2.878103,100,442.268048
-3.049591,100,442.557747
-2.099486,100,442.841721
-3.69079,100,443.151181
-4.2639,100,443.448082
-1.390826,100,443.761302
-3.605547,100,454.640647
-1.756364,100,454.976969
-2.77391,100,455.340517
-3.694967,100,455.733137
-3.916779,100,456.130692
-2.137688,100,456.444609
-2.908384,100,456.76618
-3.869086,100,457.091227
-4.510697,100,457.410526
-2.126217,100,457.713711
-1.290505,100,458.043291
-3.518154,100,458.354811
-4.117699,100,458.678041
-2.375619,100,458.999817
-2.062858,100,459.31428
-2.932777,100,459.633328
-4.928067,100,459.956574
-3.136101,100,460.28232
-3.394995,100,460.595284
-2.149982,100,460.920025
-2.156688,100,471.429569
-2.160684,100,471.735299
-1.486279,100,472.036696
-0.994364,100,472.432366
-2.437932,100,472.743032
-3.135368,100,473.031218
-1.398952,100,473.32405
-3.622073,100,473.608307
-2.19878,100,473.917883
-6.91608,100,474.20527
-4.2292,100,474.509881
-3.847038,100,474.822195
-2.656055,100,475.129798
-3.191512,100,475.442861
-3.421152,100,475.73587
-5.742214,100,476.081167
-1.276878,100,476.408438
-2.382221,100,476.712114
-4.037891,100,477.057016
-4.441613,100,477.384325
-2.296966,100,477.713656
-3.466344,100,492.090615
-4.125393,100,492.573552
-3.868786,100,493.068813
-2.611043,100,493.58696
-2.304612,100,494.055278
-3.459475,100,494.52368
-4.119102,100,495.022037
-3.777953,100,495.537385
-3.566487,100,496.007803
-2.850071,100,496.551501
-3.635826,100,497.054448
-0.951072,100,497.604843
-3.849954,100,498.178894
-2.880487,100,498.550501
-5.029599,100,498.891936
-2.878674,100,499.280972
-2.686368,100,499.612328
-3.249451,100,499.983682
-2.654064,100,500.345169
-2.299156,100,500.710737
-3.322725,100,512.048749
-2.612149,100,512.371599
-4.73674,100,512.703117
-2.656533,100,513.143536
-2.314864,100,513.451169
-3.093217,100,513.750803
-1.672785,100,514.063329
-2.267925,100,514.387014
-1.976993,100,514.735632
-3.108592,100,515.110993
-3.944072,100,515.446748
-1.759087,100,515.785017
-2.52832,100,516.136959
-2.987968,100,516.501848
-1.251228,100,516.861397
-3.975766,100,517.258281
-2.494307,100,517.64235
-2.25616,100,518.017316
-3.001613,100,518.4238
-1.763499,100,518.827858
-3.886836,100,519.305726
-3.801696,100,530.353137
-1.063088,100,530.684734
-4.334533,100,531.013335
-3.260796,100,531.358727
-3.426604,100,531.663501
-1.429326,100,531.985255
-2.119071,100,532.313393
-5.177889,100,532.609724
-2.538527,100,533.010499
-4.519804,100,533.330302
-1.372824,100,533.622169
-3.56573,100,533.927356
-4.501412,100,534.225451
-1.975921,100,534.545797
-4.231946,100,534.86045
-1.19416,100,535.156832
-3.585033,100,535.449868
-5.560659,100,535.771141
-2.733386,100,536.080922
-2.29623,100,536.390316
-4.02755,100,547.21778
-3.537473,100,547.546904
-4.805013,100,547.882492
-1.138588,100,548.211261
-4.408049,100,548.551925
-4.546531,100,548.881304
-4.202058,100,549.203731
-2.436043,100,549.541817
-1.449319,100,549.86766
-4.496502,100,550.195553
-1.657274,100,550.509076
-3.460247,100,550.839078
-2.727075,100,551.171893
-4.526638,100,551.503613
-2.064234,100,551.82828
-3.987275,100,552.124984
-1.271632,100,552.425567
-4.127308,100,552.721013
-2.788486,100,553.035923
-1.557506,100,553.338952
-4.852709,100,553.649536
-2.94688,100,564.258496
-4.78881,100,564.573102
-0.936347,100,564.871135
-4.321019,100,565.185577
-2.246757,100,565.494931
-2.400745,100,565.796416
-2.050468,100,566.100846
-1.2233,100,566.410919
-1.462583,100,566.714847
-1.047867,100,567.06038
-1.090949,100,567.387735
-1.025749,100,567.716252
-3.261007,100,568.041833
-3.388784,100,568.366744
-4.075692,100,568.728099
-0.953403,100,569.062744
-1.935462,100,569.393406
-2.90211,100,569.751585
-0.921878,100,570.133325
-1.570464,100,570.45474
-2.358126,100,581.087628
-1.744896,100,581.479772
-1.956635,100,581.852677
-3.228856,100,582.248745
-2.165997,100,582.591862
-2.599546,100,582.972318
-4.909845,100,583.41309
-0.850647,100,583.785702
-2.43702,100,584.202396
-3.487146,100,584.547688
-1.577698,100,584.878895
-4.674708,100,585.228262
-4.954567,100,585.582921
-2.868322,100,585.935749
-1.494153,100,586.292368
-1.279301,100,586.650415
-1.021201,100,587.02379
-1.896605,100,587.390727
-1.650517,100,587.792444
-3.656822,100,588.191307
-4.160559,100,588.565055
-1.468856,100,599.569278
-2.591605,100,599.927094
-3.366927,100,600.2771
-0.767216,100,600.614055
-4.471209,100,600.959647
-4.473231,100,601.291721
-2.753577,100,601.613891
-1.225301,100,601.943434
-1.080543,100,602.276714
-1.135102,100,602.568466
-1.104605,100,602.899314
-2.518799,100,603.213382
-4.390717,100,603.506629
-2.144907,100,603.806154
-1.288347,100,604.103211
-3.164776,100,604.409082
-1.712221,100,604.716293
-3.956652,100,605.033441
-1.402822,100,605.369191
-1.951863,100,605.68321
-2.495812,100,616.882119
-1.206337,100,617.205509
-1.689043,100,617.505713
-1.007832,100,617.87805
-0.74793,100,618.216691
-1.368621,100,618.554696
-0.785849,100,618.881231
-1.026818,100,619.212852
-2.012031,100,619.536865
-2.966842,100,619.874254
-0.90405,100,620.221493
-3.61916,100,620.535449
-2.618746,100,620.85478
-2.258221,100,621.181999
-1.344231,100,621.50252
-2.204826,100,621.824027
-1.399581,100,622.175496
-0.82021,100,622.498824
-1.583003,100,622.803877
-3.230682,100,623.130034
-1.707491,100,623.450357
-4.041688,100,633.930635
-1.426467,100,634.330757
-3.070873,100,634.654325
-0.972647,100,635.063865
-2.3867,100,635.469521
-2.22827,100,635.836318
-1.523032,100,636.202154
-0.789076,100,636.60929
-1.604077,100,636.982418
-1.554394,100,637.305809
-2.040503,100,637.612656
-3.586832,100,637.923544
-2.23485,100,638.246212
-2.506276,100,638.559389
-2.655962,100,638.896794
-1.440178,100,639.230332
-1.195255,100,639.559866
-1.865988,100,639.900212
-3.799061,100,640.243049
-1.459053,100,640.564267
-1.472015,100,651.511949
-3.712489,100,651.872393
-4.18187,100,652.253338
-0.832108,100,652.648869
-1.105911,100,653.01593
-3.828917,100,653.361002
-3.865657,100,653.856305
-1.590287,100,654.199389
-3.346197,100,654.567842
-1.706857,100,654.911004
-0.949126,100,655.258699
-1.10649,100,655.604221
-4.408596,100,655.938803
-2.52124,100,656.284008
-1.168182,100,656.711488
-1.470848,100,657.045267
-1.121353,100,657.353206
-1.065008,100,657.656179
-0.976502,100,657.969625
-2.727828,100,658.290725
-3.331691,100,658.656282
-2.402775,100,669.366707
-1.447149,100,669.719451
-0.936882,100,670.053168
-2.356865,100,670.376028
-1.746333,100,670.696284
-1.093869,100,671.026883
-1.272767,100,671.361012
-1.768414,100,671.714494
-0.862484,100,672.165781
-1.199364,100,672.557724
-3.490166,100,672.907092
-1.893523,100,673.261246
-1.17131,100,673.708472
-3.044912,100,674.058901
-4.096894,100,674.393577
-4.000069,100,674.737346
-1.25261,100,675.074342
-2.687537,100,675.414487
10.220284,21,675.4891
-1.522058,100,675.832793
-1.431729,100,676.178238
-2.658956,100,687.901575
-4.024873,100,688.221472
-3.298329,100,688.53494
-2.629816,100,689.00396
-4.188813,100,689.335558
-0.948982,100,689.669258
-2.355803,100,690.109937
-4.099616,100,690.446913
-2.341827,100,690.778389
-1.427554,100,691.129175
-2.275765,100,691.454657
-2.935085,100,691.779978
-1.256564,100,692.126413
-1.628781,100,692.452702
-3.150183,100,692.778344
-2.584507,100,693.176973
-0.916214,100,693.608443
-2.985826,100,693.940486
-1.564023,100,694.241905
-4.814866,100,694.5464
-2.083837,100,705.378093
-4.116591,100,705.691071
-3.252076,100,705.994752
-1.312982,100,706.306849
-1.71712,100,706.632946
-2.309137,100,706.944774
-1.185794,100,707.260007
-1.551946,100,707.555962
-4.253603,100,707.876056
-2.763953,100,708.201551
-3.110766,100,708.530354
-3.283435,100,708.856591
-4.094128,100,709.198934
-2.493371,100,709.54766
-1.930039,100,709.876586
-1.79121,100,710.218044
-2.141922,100,710.552611
-1.85995,100,710.882618
-3.358627,100,711.214439
-1.574009,100,711.534035
-1.413671,100,711.870138
-3.214142,100,723.156217
-1.59372,100,723.544977
-1.901912,100,723.947863
-2.3289,100,724.406581
-1.962885,100,724.767969
-3.341354,100,725.091438
-1.665999,100,725.432076
-1.035604,100,725.72593
-1.981943,100,726.042387
-1.53699,100,726.349069
-3.018782,100,726.65278
-1.134215,100,726.948605
-2.116241,100,727.261007
-3.104693,100,727.583717
-2.566017,100,727.884045
-2.872582,100,728.196272
-4.420633,100,728.488432
-0.84401,100,728.794805
-2.106469,100,729.12105
-0.675965,100,729.443542
-2.617914,100,740.541412
-1.075991,100,740.923924
-4.088294,100,741.288772
-1.944841,100,741.648719
-2.526451,100,742.012647
-1.472258,100,742.362209
-1.971381,100,742.711316
-1.581597,100,743.03655
-1.072358,100,743.363414
-2.448352,100,743.668544
-0.89984,100,744.005625
-1.505594,100,744.317948
-2.35588,100,744.663393
-1.579718,100,744.986256
-3.289955,100,745.295891
-2.291806,100,745.595809
-4.143587,100,745.902325
-3.414919,100,746.20534
-3.114924,100,746.49509
-3.067568,100,746.827456
-2.443738,100,747.138701
-1.419192,100,758.008381
10.155885,37,758.131129
-1.066806,100,758.427511
-0.823259,100,758.722369
-2.572708,100,759.030296
-1.511359,100,759.348606
-1.509319,100,759.686571
-2.503543,100,760.035666
-3.3595,100,760.370343
-2.932154,100,760.694445
-3.405632,100,761.014859
-1.079226,100,761.35117
-1.148019,100,761.663271
-4.089674,100,762.040179
-3.988031,100,762.378301
-1.289881,100,762.697857
10.439102,33,762.807125
-1.977829,100,763.13401
-1.073985,100,763.464051
-1.807784,100,763.788862
-1.182809,100,764.190796
-2.194313,100,764.511662
-1.152495,100,775.13325
-2.893868,100,775.450328
-3.321248,100,775.844918
-1.835786,100,776.166655
-1.633041,100,776.452643
-2.79165,100,776.806068
-4.378045,100,777.178093
-3.239611,100,777.490678
-3.051153,100,777.795364
-1.458823,100,778.101621
-2.140529,100,778.391903
-1.091858,100,778.710474
-3.357782,100,779.038836
-2.322402,100,779.357954
-2.338615,100,779.678409
-1.268156,100,779.994806
-2.571045,100,780.345843
-4.064718,100,780.691186
-1.863947,100,781.020281
-4.421541,100,781.419264
-1.04161,100,792.695958
-1.631612,100,793.059825
-1.060601,100,793.383549
-2.637676,100,793.696414
-2.576136,100,794.051101
-3.31061,100,794.512924
-2.425196,100,794.872755
-1.602767,100,795.208712
-1.852178,100,795.562611
-2.749973,100,795.920283
-0.897887,100,796.262547
-2.073186,100,796.60108
-0.842639,100,796.940302
-2.61777,100,797.263264
-3.394082,100,797.58236
-2.073651,100,797.898987
-1.933454,100,798.229463
-2.127324,100,798.560946
-0.961544,100,798.878289
-0.783248,100,799.21918
-1.042621,100,799.527967
-2.574263,100,810.317905
-1.64852,100,810.679437
-1.010651,100,811.005183
-3.122503,100,811.353699
-3.022214,100,811.682049
-0.652027,100,812.012868
-2.344954,100,812.347285
-1.304089,100,812.669308
-2.918616,100,813.002398
-1.660854,100,813.368338
-2.589596,100,813.692104
-0.67819,100,814.025707
-1.467442,100,814.426906
-1.026901,100,814.927564
-1.249279,100,815.309458
-2.019756,100,815.664874
-2.262315,100,815.972016
-1.326477,100,816.268755
-2.717107,100,816.594521
-0.600754,100,816.896989
-0.606293,100,828.098548
-3.247896,100,828.421356
-2.08016,100,828.728361
-0.579495,100,829.040544
-2.540991,100,829.353927
-0.856417,100,829.672827
-0.92936,100,829.981614
-2.955138,100,830.295158
-2.761346,100,830.646243
-2.289428,100,830.998385
-2.315585,100,831.332387
-1.880942,100,831.668865
-1.949332,100,831.994566
-2.828659,100,832.327232
-3.018148,100,832.682853
-0.730796,100,833.022681
-2.07954,100,833.360566
-1.542693,100,833.683706
-2.007207,100,834.018987
-1.936875,100,834.342072
-3.815898,100,834.662225
-2.882659,100,845.510616
-2.58778,100,845.81616
-0.805614,100,846.134896
-2.223586,100,846.442614
-2.908176,100,846.739351
-1.726853,100,847.067688
-2.591855,100,847.36603
-4.542503,100,847.687237
-1.679399,100,848.007005
-1.147655,100,848.298133
-3.024526,100,848.616785
-2.006249,100,848.926377
-2.055332,100,849.225842
-3.950288,100,849.51787
-1.889183,100,849.838873
-1.501229,100,850.158598
-1.801376,100,850.457714
-3.097262,100,850.774252
-0.91015,100,851.114897
-2.382171,100,851.433759
