#{"t_start": 1776806551.9769068, "env_id": "Reacher-v5"}
r,l,t
-48.654945,50,1.687386
-40.154008,50,1.792256
-43.369774,50,1.885082
-47.621556,50,1.982704
-31.35578,50,2.121305
-43.374353,50,2.208946
-41.288433,50,2.296306
-42.639616,50,2.381494
-43.965853,50,2.474706
-40.466298,50,2.566758
-45.935351,50,2.661206
-41.798608,50,2.748302
-46.926494,50,2.841267
-39.206213,50,2.927132
-38.879336,50,3.011879
-40.491389,50,3.09787
-39.042564,50,3.187006
-47.195964,50,3.274665
-39.479608,50,3.36053
-39.478748,50,3.445821
-47.254487,50,7.753721
-43.093121,50,11.946669
-47.698851,50,16.329764
-41.556834,50,20.794461
-50.927192,50,25.407853
-39.239104,50,29.775974
-39.903187,50,34.160291
-42.122875,50,38.772667
-37.659986,50,43.618265
-38.25574,50,48.312393
-37.751169,50,53.235355
-36.586997,50,58.230036
-32.557858,50,63.486137
-31.305439,50,68.644805
-29.666468,50,73.88413
-37.095776,50,78.884202
-39.287721,50,84.52701
-31.527799,50,90.04618
-36.928483,50,94.951207
-35.227968,50,99.946506
-33.658459,50,104.924335
-29.165667,50,109.851376
-32.298762,50,115.026709
-32.575599,50,120.081648
-31.240838,50,125.607137
-27.105307,50,131.427156
-25.337416,50,136.979611
-32.886146,50,142.218661
-31.445099,50,147.727237
-34.907617,50,153.829239
-30.767436,50,159.269791
-29.249291,50,164.580428
-37.193669,50,169.824984
-35.890542,50,175.540777
-29.773728,50,180.831924
-31.803708,50,186.237748
-30.382427,50,191.657735
-29.259561,50,197.173587
-31.890346,50,202.56378
-34.388059,50,207.822653
-26.274301,50,213.31253
-28.070667,50,218.934657
-26.750911,50,224.343297
-30.413327,50,229.60404
-34.540287,50,235.441608
-29.882885,50,240.69443
-32.551249,50,245.995569
-27.955105,50,251.176245
-27.830465,50,256.577925
-33.879763,50,261.936133
-32.259054,50,267.366409
-27.79224,50,272.609132
-36.267479,50,277.900273
-26.958236,50,283.788986
-37.95242,50,289.272941
-30.130697,50,294.802654
-33.931881,50,300.144613
-32.953012,50,305.467669
-24.683893,50,310.998369
-23.680096,50,316.371381
-29.455773,50,321.679968
-24.371428,50,326.934083
-24.746468,50,332.318443
-31.22475,50,337.932586
-21.495534,50,343.528928
-30.354247,50,348.980215
-27.524583,50,354.63625
-26.437331,50,360.241575
-26.024449,50,365.868166
-22.13214,50,371.102086
-27.04983,50,376.418741
-27.55682,50,381.727291
-25.730518,50,387.226772
-18.739334,50,392.45679
-20.441782,50,398.378131
-23.015052,50,404.143684
-24.065531,50,409.6834
-21.588123,50,415.887552
-33.401443,50,421.864245
-27.08918,50,427.50232
-21.872252,50,433.024897
-25.334025,50,438.837862
-23.030172,50,444.34575
-22.276016,50,449.918195
-25.69762,50,455.600645
-17.142785,50,461.235835
-19.932112,50,466.47046
-24.026328,50,472.272846
-18.093201,50,477.783284
-17.618216,50,483.659363
-21.366826,50,489.169883
-30.338553,50,494.703948
-18.739778,50,500.269171
-26.965876,50,505.660999
-27.289674,50,511.211633
-19.895142,50,516.728085
-17.847236,50,522.267418
-20.792316,50,527.520445
-22.972068,50,532.999878
-24.919154,50,538.755887
-22.860678,50,544.222394
-18.749403,50,549.930616
-21.148138,50,555.335871
-18.00904,50,560.585484
-18.279224,50,565.929108
-16.510534,50,571.379192
-20.605368,50,576.900301
-25.333182,50,582.212617
-21.141783,50,587.568807
-19.279177,50,593.03352
-17.473325,50,598.773042
-16.055393,50,604.184666
-18.087302,50,609.869085
-17.328421,50,615.46322
-20.04483,50,621.235578
-23.666013,50,626.563913
-21.503129,50,631.973475
-22.194214,50,637.444496
-22.206652,50,643.411837
-23.793691,50,649.010962
-17.426244,50,654.828396
-18.334037,50,660.457002
-18.477903,50,665.814171
-19.18558,50,671.339349
-18.134694,50,676.691793
-21.967354,50,682.810059
-22.140587,50,688.679009
-14.580104,50,694.177136
-17.50948,50,699.92318
-15.563368,50,705.469735
-17.143132,50,711.199561
-21.839116,50,717.012293
-13.48181,50,722.591285
-16.325388,50,728.041041
-18.966503,50,733.724807
-18.622095,50,739.422649
-15.923769,50,745.035175
-15.669936,50,750.771252
-15.851731,50,756.364714
-13.625544,50,762.16138
-16.07086,50,767.71004
-17.083707,50,773.232432
-18.608472,50,779.368207
-13.461017,50,785.394084
-20.736254,50,790.831494
-17.976906,50,796.419151
-15.448801,50,802.110466
-21.66683,50,807.502551
-16.297725,50,813.181634
-19.228351,50,818.877324
-19.521625,50,825.119663
-13.362603,50,830.795038
-16.352276,50,836.638772
-12.12461,50,842.36747
-15.651327,50,848.036404
-16.361788,50,853.726954
-23.036082,50,859.294569
-13.284856,50,864.71287
-15.282618,50,870.316003
-15.165566,50,875.62323
-17.63824,50,881.2035
-15.244543,50,886.637811
-18.336769,50,892.077431
-11.439724,50,897.224133
-20.299969,50,903.019156
-13.902301,50,908.360737
-12.040403,50,913.973014
-13.968691,50,919.252866
-9.237502,50,924.806141
-9.586046,50,930.323864
-19.30236,50,935.85385
-11.493464,50,941.221599
-15.433748,50,947.100462
-11.092466,50,952.648793
-8.414858,50,958.085164
-13.610549,50,963.905154
-15.800126,50,969.463069
-13.193601,50,975.087742
-10.845994,50,980.680076
-15.827638,50,986.194598
-16.689758,50,991.716709
-12.130716,50,997.321507
-20.202647,50,1002.896163
-16.189556,50,1008.324012
-20.21931,50,1014.111153
-5.835975,50,1019.4447
-10.840029,50,1024.93022
-17.977048,50,1030.424162
-14.947677,50,1036.179783
-13.295593,50,1041.680521
-12.926432,50,1047.333301
-12.011225,50,1053.212181
-18.308246,50,1059.118159
-10.130061,50,1064.882029
-8.968917,50,1070.481549
-18.86744,50,1076.124258
-9.644548,50,1081.87857
-19.902773,50,1087.331373
-16.316352,50,1092.807943
-6.842321,50,1098.133996
-17.091117,50,1103.428572
-9.456493,50,1108.787791
-6.947679,50,1114.528846
-13.837746,50,1119.921194
-10.742988,50,1125.366429
-12.475315,50,1130.848861
-16.610551,50,1136.621966
-13.026453,50,1142.607616
-17.67598,50,1148.251654
-17.315273,50,1153.798203
-11.554129,50,1159.435883
-20.715657,50,1165.199221
-17.055419,50,1170.745626
-11.614456,50,1176.542265
-11.231827,50,1182.208859
-18.54301,50,1188.001724
-17.475093,50,1193.426698
-12.334168,50,1199.220098
-14.983068,50,1204.686664
-12.880064,50,1210.482424
-19.45025,50,1216.214243
-15.466459,50,1221.669688
-12.690401,50,1227.323817
-7.817975,50,1232.777323
-13.751312,50,1238.607378
-10.03265,50,1244.282626
-9.365307,50,1249.689092
-12.890879,50,1255.264835
-11.034803,50,1260.754627
-13.015671,50,1266.560657
-8.0889,50,1271.921185
-15.78271,50,1277.511939
-15.675469,50,1283.683902
-11.601249,50,1289.51144
-10.164696,50,1295.255388
-17.27516,50,1300.764448
-9.722649,50,1306.329072
-9.017713,50,1311.944501
-6.490604,50,1317.595761
-11.329486,50,1323.486692
-8.413002,50,1329.502676
-11.914402,50,1335.428744
-15.3348,50,1341.087361
-11.73599,50,1347.565631
-13.762156,50,1353.480309
-17.06438,50,1359.237484
-12.184323,50,1364.642458
-18.766173,50,1370.464622
-19.671966,50,1376.179219
-13.114867,50,1381.927484
-13.259096,50,1387.847054
-17.393762,50,1393.73005
-11.803722,50,1399.737237
-12.720363,50,1405.115008
-18.159774,50,1411.059315
-9.725119,50,1417.183731
-10.079316,50,1423.149031
-13.107746,50,1429.590812
-11.096668,50,1435.499549
-14.536985,50,1441.630642
-12.807286,50,1447.823268
-12.017105,50,1453.771402
-10.432292,50,1460.74494
-12.543948,50,1466.995451
-11.26055,50,1473.51729
-11.344459,50,1480.794262
-9.566757,50,1487.54138
-9.317505,50,1493.856236
-12.949345,50,1500.094441
-19.780934,50,1507.071587
-15.522669,50,1518.108899
-8.397431,50,1524.438072
-9.420787,50,1530.620742
-13.427434,50,1536.631734
-8.597481,50,1543.403828
-13.75604,50,1549.791916
-16.029999,50,1556.136409
-12.185617,50,1561.893674
-10.357773,50,1567.72231
-14.108242,50,1573.67912
-16.538712,50,1579.92535
-11.41566,50,1585.844407
-8.192869,50,1591.867269
-10.273965,50,1598.082985
-14.728286,50,1604.550189
-10.183102,50,1610.524043
-10.637479,50,1617.479833
-9.701621,50,1623.586372
-14.026547,50,1629.629187
-14.349352,50,1635.612442
-11.303177,50,1641.472641
-14.490904,50,1647.338957
-18.611812,50,1653.148942
-11.105875,50,1659.252205
-13.945084,50,1665.196452
-6.917641,50,1671.520596
-11.302842,50,1677.361824
-8.922038,50,1683.422685
-5.12024,50,1689.608461
-10.978819,50,1696.204335
-13.704413,50,1702.549472
-7.977901,50,1708.187433
-10.697586,50,1713.976006
-9.722292,50,1720.08901
-14.904466,50,1725.933437
-13.652123,50,1731.801738
-8.86857,50,1737.541091
-9.051588,50,1743.191954
-15.386914,50,1749.071431
-11.582182,50,1755.435735
-10.531061,50,1761.398776
-11.808945,50,1767.305037
-9.700037,50,1773.425124
-12.757564,50,1779.364348
-12.755607,50,1785.281308
-15.011861,50,1791.719423
-10.812546,50,1797.684096
-12.320833,50,1803.419022
-16.46307,50,1809.258892
-13.840806,50,1815.739051
-8.73404,50,1822.268384
-9.100943,50,1827.95959
-8.402072,50,1833.634217
-11.924941,50,1840.192838
-14.283815,50,1846.776205
-11.398913,50,1852.57009
-9.613249,50,1858.305175
-11.029341,50,1864.90283
-11.909779,50,1872.739425
-7.676067,50,1879.094638
-15.288988,50,1886.295184
-11.072291,50,1892.5291
-11.305528,50,1898.973803
-10.267763,50,1905.195715
-12.186111,50,1911.154782
-8.561352,50,1917.110784
-10.240921,50,1922.995509
-14.129973,50,1929.413777
-15.399438,50,1935.636412
-17.832612,50,1941.590467
-9.573361,50,1948.30274
-4.918701,50,1954.649768
-17.84141,50,1960.43648
-12.67295,50,1966.181001
-13.739801,50,1971.943437
-5.458482,50,1977.73138
-12.60233,50,1983.381738
-8.959624,50,1989.208287
-11.558808,50,1995.415676
-11.627016,50,2002.193362
-13.962309,50,2008.395653
-16.542268,50,2014.716277
-12.254994,50,2022.041426
-9.426597,50,2028.769018
-9.143318,50,2035.036889
-13.498431,50,2041.2921
-12.304783,50,2047.68018
-12.704627,50,2053.788768
-10.461036,50,2059.978065
-8.975464,50,2065.826073
-13.581107,50,2071.84244
-5.320076,50,2078.005437
-8.167126,50,2084.368382
-9.773139,50,2090.566288
-8.885908,50,2096.733217
-14.620262,50,2102.880036
-14.390911,50,2109.058215
-13.521673,50,2115.04606
-13.328715,50,2120.962016
-15.157262,50,2127.240517
-11.490422,50,2133.464789
-10.588115,50,2139.754761
-16.388692,50,2146.645767
-12.197839,50,2153.056813
-10.669484,50,2159.191413
-9.650989,50,2165.594078
-10.776061,50,2171.510862
-11.182194,50,2177.661714
-10.776163,50,2183.473867
-9.151949,50,2189.737052
